221601792.000000,221609904.000000,221618096.000000,221626144.000000,221634336.000000,221642464.000000,221650512.000000,221658704.000000,221666816.000000,221674928.000000,221683120.000000,221691168.000000,221699296.000000,221707488.000000,221715536.000000,221723728.000000,221731840.000000,221739952.000000,221748144.000000,221756192.000000,221764384.000000,221772512.000000,221780560.000000,221788752.000000,221796864.000000,221804976.000000,221813168.000000,221821216.000000,221829344.000000,221837536.000000,221845584.000000,221853776.000000,221861888.000000,221870000.000000,221878192.000000,221886240.000000,221894432.000000,221902560.000000,221910608.000000,221918800.000000,221926912.000000,221935024.000000,221943216.000000,221951264.000000,221959392.000000,221967584.000000,221975632.000000,221983824.000000,221991936.000000,222000048.000000,222008240.000000,222016288.000000,222024480.000000,222032608.000000,222040656.000000,222048848.000000,222056960.000000,222065072.000000,222073264.000000,222081312.000000,222089440.000000,222097632.000000,222105680.000000,222113872.000000,222121984.000000,222130096.000000,222138288.000000,222146336.000000,222154528.000000,222162656.000000,222170704.000000,222178896.000000,222187008.000000,222195120.000000,222203312.000000,222211360.000000,222219488.000000,222227680.000000,222235728.000000,222243920.000000,222252032.000000,222260144.000000,222268336.000000,222276384.000000,222284576.000000,222292704.000000,222300752.000000,222308944.000000,222317056.000000,222325168.000000,222333360.000000,222341408.000000,222349536.000000,222357728.000000,222365776.000000,222373968.000000,222382080.000000,222390192.000000,222398384.000000,222406432.000000,222414624.000000,222422752.000000,222430800.000000,222438992.000000,222447104.000000,222455216.000000,222463408.000000,222471456.000000,222479584.000000,222487776.000000,222495824.000000,222504016.000000,222512128.000000,222520240.000000,222528432.000000,222536480.000000,222544672.000000,222552800.000000,222560848.000000,222569040.000000,222577152.000000,222585264.000000,222593456.000000,222601504.000000,222609632.000000,222617824.000000,222625872.000000,222634064.000000
623206400.000000,623230912.000000,623255360.000000,623280064.000000,623304512.000000,623328896.000000,623353408.000000,623377984.000000,623402688.000000,623427008.000000,623451584.000000,623476096.000000,623500416.000000,623524992.000000,623549632.000000,623574144.000000,623598592.000000,623623040.000000,623647552.000000,623672192.000000,623696768.000000,623721088.000000,623745600.000000,623770176.000000,623794496.000000,623819200.000000,623843776.000000,623868288.000000,623892672.000000,623917120.000000,623941824.000000,623966272.000000,623990784.000000,624015296.000000,624039744.000000,624064448.000000,624088896.000000,624113280.000000,624137792.000000,624162368.000000,624187072.000000,624211392.000000,624235968.000000,624260480.000000,624284800.000000,624309376.000000,624334016.000000,624358528.000000,624382976.000000,624407424.000000,624431936.000000,624456576.000000,624481152.000000,624505472.000000,624529984.000000,624554560.000000,624578880.000000,624603584.000000,624628160.000000,624652672.000000,624677056.000000,624701504.000000,624726208.000000,624750656.000000,624775168.000000,624799680.000000,624824128.000000,624848832.000000,624873280.000000,624897664.000000,624922176.000000,624946752.000000,624971456.000000,624995776.000000,625020352.000000,625044864.000000,625069184.000000,625093760.000000,625118400.000000,625142912.000000,625167360.000000,625191808.000000,625216320.000000,625240960.000000,625265536.000000,625289856.000000,625314368.000000,625338944.000000,625363264.000000,625387968.000000,625412544.000000,625437056.000000,625461440.000000,625485888.000000,625510592.000000,625535040.000000,625559552.000000,625584064.000000,625608512.000000,625633216.000000,625657664.000000,625682048.000000,625706560.000000,625731136.000000,625755840.000000,625780160.000000,625804736.000000,625829248.000000,625853568.000000,625878144.000000,625902784.000000,625927296.000000,625951744.000000,625976192.000000,626000704.000000,626025344.000000,626049920.000000,626074240.000000,626098752.000000,626123328.000000,626147648.000000,626172352.000000,626196928.000000,626221440.000000,626245824.000000,626270272.000000,626294976.000000,626319424.000000
1024811008.000000,1024851968.000000,1024892800.000000,1024933824.000000,1024974400.000000,1025015360.000000,1025056448.000000,1025097280.000000,1025138496.000000,1025179072.000000,1025219840.000000,1025260992.000000,1025301568.000000,1025342592.000000,1025383552.000000,1025424448.000000,1025465728.000000,1025506240.000000,1025547136.000000,1025588096.000000,1025629120.000000,1025669696.000000,1025710848.000000,1025751616.000000,1025792192.000000,1025833408.000000,1025874240.000000,1025915328.000000,1025956288.000000,1025996864.000000,1026037888.000000,1026078720.000000,1026119680.000000,1026160640.000000,1026201472.000000,1026242496.000000,1026283072.000000,1026324032.000000,1026365120.000000,1026405952.000000,1026447168.000000,1026487744.000000,1026528512.000000,1026569664.000000,1026610240.000000,1026651264.000000,1026692224.000000,1026733120.000000,1026773632.000000,1026814912.000000,1026855808.000000,1026896768.000000,1026937792.000000,1026978368.000000,1027019520.000000,1027060288.000000,1027100864.000000,1027142080.000000,1027182912.000000,1027224000.000000,1027264960.000000,1027305536.000000,1027346560.000000,1027387392.000000,1027428352.000000,1027469312.000000,1027510144.000000,1027551168.000000,1027591744.000000,1027632704.000000,1027673792.000000,1027714624.000000,1027755840.000000,1027796416.000000,1027837184.000000,1027878336.000000,1027918912.000000,1027959936.000000,1028000896.000000,1028041792.000000,1028083072.000000,1028123584.000000,1028164480.000000,1028205440.000000,1028246464.000000,1028287040.000000,1028328192.000000,1028368960.000000,1028409536.000000,1028450752.000000,1028491584.000000,1028532672.000000,1028573632.000000,1028614208.000000,1028655232.000000,1028696064.000000,1028737024.000000,1028777984.000000,1028818816.000000,1028859840.000000,1028900416.000000,1028941376.000000,1028982464.000000,1029023296.000000,1029064512.000000,1029105088.000000,1029145856.000000,1029187008.000000,1029227584.000000,1029268608.000000,1029309568.000000,1029350464.000000,1029390976.000000,1029432256.000000,1029473152.000000,1029514112.000000,1029555136.000000,1029595712.000000,1029636864.000000,1029677632.000000,1029718208.000000,1029759424.000000,1029800256.000000,1029841344.000000,1029882304.000000,1029922880.000000,1029963904.000000,1030004736.000000
1426415616.000000,1426472960.000000,1426530176.000000,1426587520.000000,1426644608.000000,1426701952.000000,1426759552.000000,1426816640.000000,1426873856.000000,1426931200.000000,1426988160.000000,1427045760.000000,1427102976.000000,1427160064.000000,1427217536.000000,1427274752.000000,1427332608.000000,1427389440.000000,1427446656.000000,1427504128.000000,1427561216.000000,1427618304.000000,1427675904.000000,1427732992.000000,1427789952.000000,1427847808.000000,1427904768.000000,1427962368.000000,1428019584.000000,1428076672.000000,1428134016.000000,1428191488.000000,1428248832.000000,1428305664.000000,1428363136.000000,1428420480.000000,1428477568.000000,1428534784.000000,1428592384.000000,1428649344.000000,1428707200.000000,1428764160.000000,1428821248.000000,1428878848.000000,1428935936.000000,1428993024.000000,1429050496.000000,1429107712.000000,1429164544.000000,1429222400.000000,1429279616.000000,1429337088.000000,1429394176.000000,1429451392.000000,1429508992.000000,1429565952.000000,1429623296.000000,1429680512.000000,1429737600.000000,1429795200.000000,1429852544.000000,1429909632.000000,1429966976.000000,1430024192.000000,1430081536.000000,1430138880.000000,1430196096.000000,1430253440.000000,1430310528.000000,1430367872.000000,1430425472.000000,1430482560.000000,1430539776.000000,1430597120.000000,1430654080.000000,1430711680.000000,1430768896.000000,1430825984.000000,1430883456.000000,1430940672.000000,1430998528.000000,1431055360.000000,1431112576.000000,1431170048.000000,1431227136.000000,1431284224.000000,1431341824.000000,1431398912.000000,1431455872.000000,1431513728.000000,1431570688.000000,1431628288.000000,1431685504.000000,1431742592.000000,1431799936.000000,1431857408.000000,1431914240.000000,1431971584.000000,1432029056.000000,1432086400.000000,1432143488.000000,1432200704.000000,1432258304.000000,1432315264.000000,1432373120.000000,1432430080.000000,1432487168.000000,1432544768.000000,1432601856.000000,1432658944.000000,1432716416.000000,1432773632.000000,1432830464.000000,1432888320.000000,1432945536.000000,1433003008.000000,1433060096.000000,1433117312.000000,1433174912.000000,1433231872.000000,1433289216.000000,1433346432.000000,1433403520.000000,1433461120.000000,1433518464.000000,1433575552.000000,1433632896.000000,1433690112.000000
1828020224.000000,1828093952.000000,1828167680.000000,1828241280.000000,1828314880.000000,1828388608.000000,1828462464.000000,1828535808.000000,1828609280.000000,1828683136.000000,1828756608.000000,1828830592.000000,1828904320.000000,1828977664.000000,1829051520.000000,1829125248.000000,1829199488.000000,1829272576.000000,1829346176.000000,1829420032.000000,1829493376.000000,1829567104.000000,1829641088.000000,1829714432.000000,1829787776.000000,1829861888.000000,1829935360.000000,1830009344.000000,1830082816.000000,1830156288.000000,1830230144.000000,1830303872.000000,1830377984.000000,1830451072.000000,1830524800.000000,1830598656.000000,1830672128.000000,1830745728.000000,1830819584.000000,1830893056.000000,1830967168.000000,1831040512.000000,1831113856.000000,1831187968.000000,1831261568.000000,1831334912.000000,1831408768.000000,1831482368.000000,1831555456.000000,1831629696.000000,1831703424.000000,1831777280.000000,1831850624.000000,1831924224.000000,1831998336.000000,1832071808.000000,1832145664.000000,1832219136.000000,1832292480.000000,1832366464.000000,1832440064.000000,1832513664.000000,1832587264.000000,1832660992.000000,1832734720.000000,1832808448.000000,1832882176.000000,1832955776.000000,1833029376.000000,1833102976.000000,1833176960.000000,1833250304.000000,1833323776.000000,1833397632.000000,1833471104.000000,1833545216.000000,1833618816.000000,1833692160.000000,1833766016.000000,1833839744.000000,1833913984.000000,1833987072.000000,1834060672.000000,1834134528.000000,1834207872.000000,1834281472.000000,1834355584.000000,1834428928.000000,1834502272.000000,1834576384.000000,1834649856.000000,1834723712.000000,1834797312.000000,1834870784.000000,1834944640.000000,1835018368.000000,1835091456.000000,1835165568.000000,1835239296.000000,1835313152.000000,1835386624.000000,1835460096.000000,1835534080.000000,1835607552.000000,1835681664.000000,1835755008.000000,1835828352.000000,1835902336.000000,1835976064.000000,1836049408.000000,1836123264.000000,1836196864.000000,1836269952.000000,1836344192.000000,1836417920.000000,1836491776.000000,1836565120.000000,1836638848.000000,1836712832.000000,1836786304.000000,1836860160.000000,1836933632.000000,1837006976.000000,1837080832.000000,1837154560.000000,1837228160.000000,1837301760.000000,1837375488.000000
2229624832.000000,2229714944.000000,2229805056.000000,2229894912.000000,2229985024.000000,2230074880.000000,2230165248.000000,2230255360.000000,2230344704.000000,2230435328.000000,2230525184.000000,2230615552.000000,2230705664.000000,2230795264.000000,2230885376.000000,2230975488.000000,2231066112.000000,2231155712.000000,2231245568.000000,2231335936.000000,2231425536.000000,2231515904.000000,2231606272.000000,2231696128.000000,2231785728.000000,2231876096.000000,2231965696.000000,2232056320.000000,2232146176.000000,2232236032.000000,2232326144.000000,2232416256.000000,2232507136.000000,2232596480.000000,2232686592.000000,2232776704.000000,2232866560.000000,2232956672.000000,2233047040.000000,2233136640.000000,2233227008.000000,2233316608.000000,2233406464.000000,2233497088.000000,2233587200.000000,2233676800.000000,2233767168.000000,2233857024.000000,2233946624.000000,2234037248.000000,2234127360.000000,2234217472.000000,2234307072.000000,2234397440.000000,2234487552.000000,2234577408.000000,2234668032.000000,2234757376.000000,2234847488.000000,2234937856.000000,2235027712.000000,2235117824.000000,2235207680.000000,2235297792.000000,2235387904.000000,2235478016.000000,2235568128.000000,2235657984.000000,2235748096.000000,2235837952.000000,2235928320.000000,2236018432.000000,2236107776.000000,2236198400.000000,2236288256.000000,2236378368.000000,2236468736.000000,2236558336.000000,2236648448.000000,2236738560.000000,2236829184.000000,2236918784.000000,2237008640.000000,2237099008.000000,2237188608.000000,2237278720.000000,2237369344.000000,2237459200.000000,2237548800.000000,2237639168.000000,2237728768.000000,2237819136.000000,2237909248.000000,2237999104.000000,2238089216.000000,2238179328.000000,2238268672.000000,2238359552.000000,2238449664.000000,2238539776.000000,2238629632.000000,2238719488.000000,2238810112.000000,2238899712.000000,2238990080.000000,2239079680.000000,2239169536.000000,2239259904.000000,2239350272.000000,2239439872.000000,2239530240.000000,2239620096.000000,2239709696.000000,2239800320.000000,2239890432.000000,2239980544.000000,2240070144.000000,2240160256.000000,2240250624.000000,2240340480.000000,2240431104.000000,2240520448.000000,2240610560.000000,2240700928.000000,2240790784.000000,2240880896.000000,2240970752.000000,2241060864.000000
2631229440.000000,2631335936.000000,2631442688.000000,2631548928.000000,2631655168.000000,2631761408.000000,2631868160.000000,2631974144.000000,2632080640.000000,2632187136.000000,2632293632.000000,2632400384.000000,2632506880.000000,2632612864.000000,2632719360.000000,2632825856.000000,2632932352.000000,2633038592.000000,2633145088.000000,2633251584.000000,2633357824.000000,2633464576.000000,2633571072.000000,2633677312.000000,2633783808.000000,2633890048.000000,2633996288.000000,2634103296.000000,2634209536.000000,2634315776.000000,2634422272.000000,2634528768.000000,2634636288.000000,2634742272.000000,2634848256.000000,2634954496.000000,2635060992.000000,2635167488.000000,2635274240.000000,2635380224.000000,2635486720.000000,2635593216.000000,2635699200.000000,2635806208.000000,2635912704.000000,2636018944.000000,2636125184.000000,2636231424.000000,2636337664.000000,2636444672.000000,2636551424.000000,2636657664.000000,2636763648.000000,2636870144.000000,2636977152.000000,2637083392.000000,2637189888.000000,2637296384.000000,2637402368.000000,2637509120.000000,2637615360.000000,2637721856.000000,2637828352.000000,2637935104.000000,2638040576.000000,2638147072.000000,2638253824.000000,2638360320.000000,2638466816.000000,2638573056.000000,2638679808.000000,2638785792.000000,2638892288.000000,2638998784.000000,2639105024.000000,2639212032.000000,2639318528.000000,2639424512.000000,2639530752.000000,2639637504.000000,2639744512.000000,2639850752.000000,2639956992.000000,2640063232.000000,2640169472.000000,2640275968.000000,2640382976.000000,2640488960.000000,2640595456.000000,2640701952.000000,2640807936.000000,2640914688.000000,2641021184.000000,2641127680.000000,2641233920.000000,2641339904.000000,2641445888.000000,2641553408.000000,2641659904.000000,2641766400.000000,2641872640.000000,2641978880.000000,2642085888.000000,2642192128.000000,2642298368.000000,2642404864.000000,2642511104.000000,2642617600.000000,2642724352.000000,2642830592.000000,2642937088.000000,2643043584.000000,2643149824.000000,2643256320.000000,2643362816.000000,2643469312.000000,2643575296.000000,2643682048.000000,2643788544.000000,2643895040.000000,2644001536.000000,2644108032.000000,2644214016.000000,2644320768.000000,2644427008.000000,2644533248.000000,2644639488.000000,2644746240.000000
3032834048.000000,3032957440.000000,3033079808.000000,3033202688.000000,3033325568.000000,3033448192.000000,3033571328.000000,3033693696.000000,3033816576.000000,3033939200.000000,3034061824.000000,3034185216.000000,3034308352.000000,3034430464.000000,3034553600.000000,3034676480.000000,3034798848.000000,3034921728.000000,3035044864.000000,3035167744.000000,3035290112.000000,3035413248.000000,3035536128.000000,3035659008.000000,3035781632.000000,3035904512.000000,3036026880.000000,3036150528.000000,3036272896.000000,3036395776.000000,3036518400.000000,3036641280.000000,3036765184.000000,3036887040.000000,3037009664.000000,3037132544.000000,3037255424.000000,3037378304.000000,3037501184.000000,3037623808.000000,3037746432.000000,3037869568.000000,3037991936.000000,3038115328.000000,3038238464.000000,3038360576.000000,3038483456.000000,3038605824.000000,3038728448.000000,3038852352.000000,3038974976.000000,3039097856.000000,3039220224.000000,3039343104.000000,3039466496.000000,3039588864.000000,3039712000.000000,3039834624.000000,3039956992.000000,3040080384.000000,3040203008.000000,3040325888.000000,3040448512.000000,3040571904.000000,3040693248.000000,3040816640.000000,3040940032.000000,3041062656.000000,3041185536.000000,3041308160.000000,3041431552.000000,3041553920.000000,3041676544.000000,3041799680.000000,3041922048.000000,3042045440.000000,3042168320.000000,3042290688.000000,3042413568.000000,3042536192.000000,3042660096.000000,3042782720.000000,3042905088.000000,3043027968.000000,3043150080.000000,3043273216.000000,3043396608.000000,3043518976.000000,3043642112.000000,3043764736.000000,3043887360.000000,3044010240.000000,3044133120.000000,3044256000.000000,3044378880.000000,3044501504.000000,3044623360.000000,3044747264.000000,3044870144.000000,3044992768.000000,3045115648.000000,3045238016.000000,3045361664.000000,3045484032.000000,3045606912.000000,3045729536.000000,3045852416.000000,3045975296.000000,3046098432.000000,3046220800.000000,3046343680.000000,3046466816.000000,3046589696.000000,3046712064.000000,3046834944.000000,3046958080.000000,3047080192.000000,3047203584.000000,3047326720.000000,3047449344.000000,3047571968.000000,3047694848.000000,3047817216.000000,3047940352.000000,3048063232.000000,3048185856.000000,3048308736.000000,3048431104.000000
3434438656.000000,3434578432.000000,3434717184.000000,3434856448.000000,3434995712.000000,3435134720.000000,3435274240.000000,3435413248.000000,3435552256.000000,3435691264.000000,3435830528.000000,3435970048.000000,3436109568.000000,3436248576.000000,3436387328.000000,3436527104.000000,3436665344.000000,3436804864.000000,3436944128.000000,3437083648.000000,3437222144.000000,3437361920.000000,3437501440.000000,3437640448.000000,3437779712.000000,3437918720.000000,3438057472.000000,3438196992.000000,3438336256.000000,3438475264.000000,3438614528.000000,3438753536.000000,3438894336.000000,3439032320.000000,3439171584.000000,3439310848.000000,3439449856.000000,3439589120.000000,3439728640.000000,3439867392.000000,3440006400.000000,3440145664.000000,3440284672.000000,3440424704.000000,3440563968.000000,3440702464.000000,3440841728.000000,3440981248.000000,3441119488.000000,3441260032.000000,3441398784.000000,3441537792.000000,3441676800.000000,3441816320.000000,3441955584.000000,3442094592.000000,3442234112.000000,3442373120.000000,3442512384.000000,3442651648.000000,3442790656.000000,3442929920.000000,3443069184.000000,3443208192.000000,3443346432.000000,3443486720.000000,3443625728.000000,3443765248.000000,3443904256.000000,3444043264.000000,3444182528.000000,3444321792.000000,3444460800.000000,3444600064.000000,3444739072.000000,3444878592.000000,3445018112.000000,3445157120.000000,3445296128.000000,3445434880.000000,3445575424.000000,3445713920.000000,3445853184.000000,3445992448.000000,3446130944.000000,3446270464.000000,3446409984.000000,3446549248.000000,3446688512.000000,3446827520.000000,3446966272.000000,3447105792.000000,3447245056.000000,3447384320.000000,3447523328.000000,3447662848.000000,3447800576.000000,3447941376.000000,3448080384.000000,3448219648.000000,3448358656.000000,3448497664.000000,3448637440.000000,3448775936.000000,3448915200.000000,3449054464.000000,3449193472.000000,3449332992.000000,3449472768.000000,3449611264.000000,3449750784.000000,3449890048.000000,3450029568.000000,3450168064.000000,3450307584.000000,3450446336.000000,3450585344.000000,3450725120.000000,3450864128.000000,3451003648.000000,3451142656.000000,3451281920.000000,3451420672.000000,3451560448.000000,3451699200.000000,3451838464.000000,3451977728.000000,3452116480.000000
3836043264.000000,3836199168.000000,3836354560.000000,3836510208.000000,3836665856.000000,3836821248.000000,3836976896.000000,3837132032.000000,3837287936.000000,3837443328.000000,3837598976.000000,3837754880.000000,3837910784.000000,3838065664.000000,3838221312.000000,3838377472.000000,3838531840.000000,3838688256.000000,3838843648.000000,3838999552.000000,3839154432.000000,3839310592.000000,3839465984.000000,3839621888.000000,3839777536.000000,3839932928.000000,3840088064.000000,3840243968.000000,3840399360.000000,3840554752.000000,3840710912.000000,3840865792.000000,3841023232.000000,3841177600.000000,3841333248.000000,3841488896.000000,3841644288.000000,3841799936.000000,3841955840.000000,3842110720.000000,3842266112.000000,3842422272.000000,3842577408.000000,3842733312.000000,3842889472.000000,3843044352.000000,3843199744.000000,3843355904.000000,3843510528.000000,3843667200.000000,3843822592.000000,3843977984.000000,3844133120.000000,3844289280.000000,3844444928.000000,3844600832.000000,3844756224.000000,3844911616.000000,3845066752.000000,3845222912.000000,3845378304.000000,3845533952.000000,3845689600.000000,3845844992.000000,3845999104.000000,3846156288.000000,3846311680.000000,3846467584.000000,3846622976.000000,3846778624.000000,3846934528.000000,3847089664.000000,3847245056.000000,3847400704.000000,3847556096.000000,3847712000.000000,3847868160.000000,3848023296.000000,3848178688.000000,3848334336.000000,3848490752.000000,3848645632.000000,3848801536.000000,3848956928.000000,3849111808.000000,3849267712.000000,3849423616.000000,3849579264.000000,3849735168.000000,3849890304.000000,3850045440.000000,3850201344.000000,3850356992.000000,3850512640.000000,3850668032.000000,3850823936.000000,3850978048.000000,3851135488.000000,3851290368.000000,3851446272.000000,3851601920.000000,3851757056.000000,3851913216.000000,3852068608.000000,3852223744.000000,3852379392.000000,3852535040.000000,3852690688.000000,3852846848.000000,3853001728.000000,3853157632.000000,3853313024.000000,3853469440.000000,3853624064.000000,3853779968.000000,3853935616.000000,3854090496.000000,3854246656.000000,3854402048.000000,3854557952.000000,3854713344.000000,3854868992.000000,3855024384.000000,3855179776.000000,3855335424.000000,3855491072.000000,3855646720.000000,3855801856.000000
4237647872.000000,4237819648.000000,4237992192.000000,4238163968.000000,4238335744.000000,4238507776.000000,4238679808.000000,4238851328.000000,4239023616.000000,4239195904.000000,4239367424.000000,4239539712.000000,4239712000.000000,4239883520.000000,4240055552.000000,4240227840.000000,4240398592.000000,4240571392.000000,4240743168.000000,4240915456.000000,4241086720.000000,4241259264.000000,4241431040.000000,4241603328.000000,4241775616.000000,4241947136.000000,4242118656.000000,4242290944.000000,4242462976.000000,4242634496.000000,4242806784.000000,4242978304.000000,4243152128.000000,4243322880.000000,4243494912.000000,4243666944.000000,4243838720.000000,4244010496.000000,4244183040.000000,4244354304.000000,4244526080.000000,4244698624.000000,4244870144.000000,4245042432.000000,4245214976.000000,4245386240.000000,4245558272.000000,4245730560.000000,4245901568.000000,4246074624.000000,4246246400.000000,4246418176.000000,4246589696.000000,4246761984.000000,4246934272.000000,4247106048.000000,4247278080.000000,4247450368.000000,4247621632.000000,4247794176.000000,4247965952.000000,4248137984.000000,4248309760.000000,4248482304.000000,4248652288.000000,4248825344.000000,4248997888.000000,4249169920.000000,4249341696.000000,4249513728.000000,4249686016.000000,4249857280.000000,4250029568.000000,4250201856.000000,4250373120.000000,4250545408.000000,4250717952.000000,4250889472.000000,4251061248.000000,4251233280.000000,4251406080.000000,4251577344.000000,4251749376.000000,4251921408.000000,4252092672.000000,4252264960.000000,4252437248.000000,4252609280.000000,4252781568.000000,4252953088.000000,4253124608.000000,4253297152.000000,4253468928.000000,4253640960.000000,4253812736.000000,4253985024.000000,4254155520.000000,4254329088.000000,4254500864.000000,4254672896.000000,4254844672.000000,4255016448.000000,4255188992.000000,4255360768.000000,4255532032.000000,4255704320.000000,4255876352.000000,4256048384.000000,4256220928.000000,4256392192.000000,4256564480.000000,4256736256.000000,4256909056.000000,4257080064.000000,4257252096.000000,4257424128.000000,4257595648.000000,4257768192.000000,4257939968.000000,4258112256.000000,4258284032.000000,4258456064.000000,4258627840.000000,4258800128.000000,4258971904.000000,4259143680.000000,4259315456.000000,4259487744.000000
4639252480.000000,4639440896.000000,4639629312.000000,4639817216.000000,4640005632.000000,4640194048.000000,4640382464.000000,4640570368.000000,4640759296.000000,4640947712.000000,4641135616.000000,4641324032.000000,4641512960.000000,4641700864.000000,4641889280.000000,4642077696.000000,4642265088.000000,4642454528.000000,4642642944.000000,4642831360.000000,4643018752.000000,4643207680.000000,4643396096.000000,4643584512.000000,4643773440.000000,4643961344.000000,4644149248.000000,4644338176.000000,4644526080.000000,4644713984.000000,4644902912.000000,4645091328.000000,4645280768.000000,4645468160.000000,4645656064.000000,4645844992.000000,4646033408.000000,4646221824.000000,4646410240.000000,4646598144.000000,4646786048.000000,4646974976.000000,4647162880.000000,4647351808.000000,4647540736.000000,4647728640.000000,4647917056.000000,4648105472.000000,4648292864.000000,4648482304.000000,4648670208.000000,4648858112.000000,4649046016.000000,4649234944.000000,4649423360.000000,4649611776.000000,4649800192.000000,4649988608.000000,4650176512.000000,4650364928.000000,4650553344.000000,4650741760.000000,4650930176.000000,4651118592.000000,4651305472.000000,4651495424.000000,4651683840.000000,4651872256.000000,4652060672.000000,4652248064.000000,4652437504.000000,4652625408.000000,4652813824.000000,4653002240.000000,4653190144.000000,4653379072.000000,4653568000.000000,4653755904.000000,4653943808.000000,4654132224.000000,4654321152.000000,4654509056.000000,4654696960.000000,4654885376.000000,4655073792.000000,4655262208.000000,4655451136.000000,4655639552.000000,4655827968.000000,4656015872.000000,4656203776.000000,4656392704.000000,4656580608.000000,4656769536.000000,4656957952.000000,4657146368.000000,4657333248.000000,4657522688.000000,4657711616.000000,4657899520.000000,4658087936.000000,4658275840.000000,4658464768.000000,4658652160.000000,4658840576.000000,4659028992.000000,4659217920.000000,4659405824.000000,4659594752.000000,4659782144.000000,4659970560.000000,4660159488.000000,4660348416.000000,4660535808.000000,4660724224.000000,4660912640.000000,4661100544.000000,4661289984.000000,4661477888.000000,4661666304.000000,4661854720.000000,4662043136.000000,4662231040.000000,4662419968.000000,4662607872.000000,4662796288.000000,4662984704.000000,4663173120.000000
5040858112.000000,5041060864.000000,5041265664.000000,5041470976.000000,5041675776.000000,5041880064.000000,5042085376.000000,5042290176.000000,5042494976.000000,5042699776.000000,5042904064.000000,5043109376.000000,5043314688.000000,5043518464.000000,5043722752.000000,5043928064.000000,5044132352.000000,5044338176.000000,5044542464.000000,5044747264.000000,5044951040.000000,5045156352.000000,5045361664.000000,5045565440.000000,5045771264.000000,5045975552.000000,5046179840.000000,5046384640.000000,5046589440.000000,5046794752.000000,5046999040.000000,5047203840.000000,5047409664.000000,5047613440.000000,5047818240.000000,5048023552.000000,5048227840.000000,5048432128.000000,5048636928.000000,5048841216.000000,5049045504.000000,5049251328.000000,5049455616.000000,5049660928.000000,5049866240.000000,5050070528.000000,5050275328.000000,5050480640.000000,5050684416.000000,5050888704.000000,5051094016.000000,5051298304.000000,5051502592.000000,5051707904.000000,5051912704.000000,5052117504.000000,5052322304.000000,5052527616.000000,5052731392.000000,5052936704.000000,5053140992.000000,5053345792.000000,5053549568.000000,5053754880.000000,5053958144.000000,5054164992.000000,5054369792.000000,5054574592.000000,5054778880.000000,5054984192.000000,5055188992.000000,5055393280.000000,5055598080.000000,5055803392.000000,5056007168.000000,5056211968.000000,5056417280.000000,5056622080.000000,5056826880.000000,5057031680.000000,5057236480.000000,5057440256.000000,5057645568.000000,5057850368.000000,5058054656.000000,5058259456.000000,5058464256.000000,5058669056.000000,5058874368.000000,5059079168.000000,5059283456.000000,5059488256.000000,5059693056.000000,5059897856.000000,5060102656.000000,5060307968.000000,5060511232.000000,5060717056.000000,5060921344.000000,5061125632.000000,5061330944.000000,5061535232.000000,5061740544.000000,5061944320.000000,5062149120.000000,5062354432.000000,5062558720.000000,5062763520.000000,5062968832.000000,5063173120.000000,5063378432.000000,5063582208.000000,5063788032.000000,5063992320.000000,5064197120.000000,5064401920.000000,5064606208.000000,5064811520.000000,5065016832.000000,5065220608.000000,5065425408.000000,5065630208.000000,5065834496.000000,5066039296.000000,5066243584.000000,5066448384.000000,5066653696.000000,5066858496.000000
5442462720.000000,5442681856.000000,5442903040.000000,5443124736.000000,5443345408.000000,5443567104.000000,5443788288.000000,5444008960.000000,5444230656.000000,5444451328.000000,5444672512.000000,5444894208.000000,5445115392.000000,5445336064.000000,5445556736.000000,5445777920.000000,5445999104.000000,5446220800.000000,5446441472.000000,5446663168.000000,5446883328.000000,5447104512.000000,5447326720.000000,5447547392.000000,5447769088.000000,5447989760.000000,5448210432.000000,5448431616.000000,5448652288.000000,5448873984.000000,5449095168.000000,5449316352.000000,5449539072.000000,5449759232.000000,5449980928.000000,5450201088.000000,5450422272.000000,5450643456.000000,5450864640.000000,5451085312.000000,5451305984.000000,5451527168.000000,5451748352.000000,5451970048.000000,5452191744.000000,5452412416.000000,5452633600.000000,5452855296.000000,5453075456.000000,5453296128.000000,5453517824.000000,5453738496.000000,5453959168.000000,5454180352.000000,5454402048.000000,5454623232.000000,5454844416.000000,5455065600.000000,5455286272.000000,5455508480.000000,5455728640.000000,5455949824.000000,5456169984.000000,5456391168.000000,5456611328.000000,5456834560.000000,5457055744.000000,5457276928.000000,5457498112.000000,5457719296.000000,5457940480.000000,5458161152.000000,5458382336.000000,5458604032.000000,5458824192.000000,5459045888.000000,5459267584.000000,5459487744.000000,5459709440.000000,5459930112.000000,5460151296.000000,5460371968.000000,5460593152.000000,5460814848.000000,5461035520.000000,5461256704.000000,5461477888.000000,5461699584.000000,5461921280.000000,5462141952.000000,5462362112.000000,5462583296.000000,5462804480.000000,5463026176.000000,5463247360.000000,5463469056.000000,5463689216.000000,5463910912.000000,5464131072.000000,5464352768.000000,5464573440.000000,5464794624.000000,5465016320.000000,5465236480.000000,5465457152.000000,5465679360.000000,5465900032.000000,5466121216.000000,5466342912.000000,5466564096.000000,5466785280.000000,5467005440.000000,5467227648.000000,5467448320.000000,5467669504.000000,5467890176.000000,5468111360.000000,5468333056.000000,5468554240.000000,5468774912.000000,5468996096.000000,5469217280.000000,5469437952.000000,5469659648.000000,5469880320.000000,5470100992.000000,5470322176.000000,5470543872.000000
5844067328.000000,5844301824.000000,5844540416.000000,5844777984.000000,5845016064.000000,5845253632.000000,5845491200.000000,5845728256.000000,5845966336.000000,5846203904.000000,5846440960.000000,5846679040.000000,5846916608.000000,5847153664.000000,5847390720.000000,5847628288.000000,5847865856.000000,5848103936.000000,5848340480.000000,5848579072.000000,5848815616.000000,5849053696.000000,5849291776.000000,5849528832.000000,5849766912.000000,5850003968.000000,5850241536.000000,5850478592.000000,5850716160.000000,5850953216.000000,5851191296.000000,5851428864.000000,5851667968.000000,5851904512.000000,5852142592.000000,5852379648.000000,5852616704.000000,5852853760.000000,5853091840.000000,5853328384.000000,5853565952.000000,5853803520.000000,5854041088.000000,5854279680.000000,5854517248.000000,5854754304.000000,5854991360.000000,5855229440.000000,5855466496.000000,5855703552.000000,5855941632.000000,5856178688.000000,5856415744.000000,5856653824.000000,5856891392.000000,5857128960.000000,5857366528.000000,5857604096.000000,5857841664.000000,5858079232.000000,5858316800.000000,5858553856.000000,5858790400.000000,5859027456.000000,5859264512.000000,5859504128.000000,5859741696.000000,5859979264.000000,5860216832.000000,5860454400.000000,5860691456.000000,5860929024.000000,5861166592.000000,5861404672.000000,5861641216.000000,5861878784.000000,5862117376.000000,5862354432.000000,5862592000.000000,5862829568.000000,5863066624.000000,5863303680.000000,5863541760.000000,5863779328.000000,5864016384.000000,5864253952.000000,5864491520.000000,5864729600.000000,5864967168.000000,5865204736.000000,5865441280.000000,5865679360.000000,5865916416.000000,5866154496.000000,5866392064.000000,5866630144.000000,5866866688.000000,5867104256.000000,5867341312.000000,5867578880.000000,5867816448.000000,5868054528.000000,5868292096.000000,5868528640.000000,5868765696.000000,5869004288.000000,5869241344.000000,5869479424.000000,5869717504.000000,5869954048.000000,5870192128.000000,5870428672.000000,5870667264.000000,5870904832.000000,5871141888.000000,5871378944.000000,5871616512.000000,5871854592.000000,5872091648.000000,5872328704.000000,5872566272.000000,5872804352.000000,5873041408.000000,5873279488.000000,5873516544.000000,5873753088.000000,5873991168.000000,5874229248.000000
6245672960.000000,6245922816.000000,6246177792.000000,6246431744.000000,6246686720.000000,6246940160.000000,6247194112.000000,6247447552.000000,6247702016.000000,6247955456.000000,6248209408.000000,6248463872.000000,6248718336.000000,6248971264.000000,6249225216.000000,6249478656.000000,6249732608.000000,6249986560.000000,6250240512.000000,6250494976.000000,6250747904.000000,6251002368.000000,6251256832.000000,6251510272.000000,6251764736.000000,6252018176.000000,6252271616.000000,6252525568.000000,6252779520.000000,6253032960.000000,6253286912.000000,6253541376.000000,6253796864.000000,6254050304.000000,6254304256.000000,6254557696.000000,6254811136.000000,6255065088.000000,6255319040.000000,6255572480.000000,6255825408.000000,6256079872.000000,6256334336.000000,6256588800.000000,6256842752.000000,6257096192.000000,6257349632.000000,6257604096.000000,6257858048.000000,6258110464.000000,6258365440.000000,6258618880.000000,6258872832.000000,6259127296.000000,6259380736.000000,6259634688.000000,6259888640.000000,6260143104.000000,6260396544.000000,6260649984.000000,6260904448.000000,6261157888.000000,6261411840.000000,6261664768.000000,6261917696.000000,6262173184.000000,6262427648.000000,6262682112.000000,6262935552.000000,6263189504.000000,6263443456.000000,6263696896.000000,6263950848.000000,6264205312.000000,6264457728.000000,6264712704.000000,6264967168.000000,6265220608.000000,6265474048.000000,6265729024.000000,6265981952.000000,6266235392.000000,6266489344.000000,6266743808.000000,6266997248.000000,6267251200.000000,6267505152.000000,6267759616.000000,6268013568.000000,6268267520.000000,6268520448.000000,6268774400.000000,6269028352.000000,6269282304.000000,6269536768.000000,6269790720.000000,6270044672.000000,6270297600.000000,6270551552.000000,6270806016.000000,6271059968.000000,6271313920.000000,6271567872.000000,6271820800.000000,6272074240.000000,6272328704.000000,6272582656.000000,6272837120.000000,6273091072.000000,6273345024.000000,6273598976.000000,6273852416.000000,6274106880.000000,6274360832.000000,6274614272.000000,6274867712.000000,6275121152.000000,6275376128.000000,6275630080.000000,6275883520.000000,6276137472.000000,6276391424.000000,6276644864.000000,6276899328.000000,6277152768.000000,6277406208.000000,6277659648.000000,6277914624.000000
6647277568.000000,6647543808.000000,6647815168.000000,6648086528.000000,6648356864.000000,6648626688.000000,6648896512.000000,6649166848.000000,6649437696.000000,6649707520.000000,6649977856.000000,6650248704.000000,6650519552.000000,6650788864.000000,6651059200.000000,6651329024.000000,6651599360.000000,6651870208.000000,6652140032.000000,6652410880.000000,6652680704.000000,6652950528.000000,6653221376.000000,6653491712.000000,6653763072.000000,6654032384.000000,6654302208.000000,6654572544.000000,6654842880.000000,6655113728.000000,6655383040.000000,6655653888.000000,6655925760.000000,6656196096.000000,6656465408.000000,6656735744.000000,6657005568.000000,6657275904.000000,6657546240.000000,6657816064.000000,6658085888.000000,6658356224.000000,6658627072.000000,6658897408.000000,6659168256.000000,6659438080.000000,6659708416.000000,6659978752.000000,6660249088.000000,6660517888.000000,6660789248.000000,6661059584.000000,6661328896.000000,6661600256.000000,6661870080.000000,6662140416.000000,6662410752.000000,6662681088.000000,6662950912.000000,6663221760.000000,6663491584.000000,6663761920.000000,6664032256.000000,6664302080.000000,6664570880.000000,6664842752.000000,6665114112.000000,6665383936.000000,6665654272.000000,6665924608.000000,6666194944.000000,6666464768.000000,6666735104.000000,6667005952.000000,6667275264.000000,6667545600.000000,6667816960.000000,6668086784.000000,6668356608.000000,6668627456.000000,6668896768.000000,6669167616.000000,6669437440.000000,6669708288.000000,6669978112.000000,6670248448.000000,6670518784.000000,6670789632.000000,6671060480.000000,6671330304.000000,6671599616.000000,6671870464.000000,6672140288.000000,6672410112.000000,6672681472.000000,6672951808.000000,6673222656.000000,6673491456.000000,6673761280.000000,6674032128.000000,6674302976.000000,6674573312.000000,6674843648.000000,6675113472.000000,6675382784.000000,6675653632.000000,6675923968.000000,6676194816.000000,6676465152.000000,6676735488.000000,6677005824.000000,6677275648.000000,6677545984.000000,6677816832.000000,6678086656.000000,6678355968.000000,6678626304.000000,6678897664.000000,6679167488.000000,6679437824.000000,6679708160.000000,6679978496.000000,6680248320.000000,6680518656.000000,6680788992.000000,6681059328.000000,6681328640.000000,6681599488.000000
7048882176.000000,7049164800.000000,7049453568.000000,7049740288.000000,7050026496.000000,7050312192.000000,7050599936.000000,7050886144.000000,7051173376.000000,7051460096.000000,7051746304.000000,7052033536.000000,7052320768.000000,7052606976.000000,7052893184.000000,7053179392.000000,7053466624.000000,7053752832.000000,7054040064.000000,7054326272.000000,7054612992.000000,7054900224.000000,7055186432.000000,7055473152.000000,7055760384.000000,7056046592.000000,7056333312.000000,7056619520.000000,7056906240.000000,7057193472.000000,7057478656.000000,7057766400.000000,7058054656.000000,7058341888.000000,7058626048.000000,7058913280.000000,7059200000.000000,7059486720.000000,7059772928.000000,7060060160.000000,7060345344.000000,7060632576.000000,7060919808.000000,7061207040.000000,7061493760.000000,7061779968.000000,7062066688.000000,7062352896.000000,7062640128.000000,7062926336.000000,7063213056.000000,7063499776.000000,7063785472.000000,7064073216.000000,7064359424.000000,7064646144.000000,7064932864.000000,7065219584.000000,7065505792.000000,7065792512.000000,7066079232.000000,7066365952.000000,7066652672.000000,7066938368.000000,7067223552.000000,7067512320.000000,7067800064.000000,7068086272.000000,7068372480.000000,7068659712.000000,7068946432.000000,7069232128.000000,7069519360.000000,7069806592.000000,7070092800.000000,7070379520.000000,7070666752.000000,7070952448.000000,7071239168.000000,7071526912.000000,7071812096.000000,7072099328.000000,7072385536.000000,7072672768.000000,7072958464.000000,7073245696.000000,7073532416.000000,7073819136.000000,7074106880.000000,7074392576.000000,7074678784.000000,7074965504.000000,7075252736.000000,7075538944.000000,7075826176.000000,7076112896.000000,7076400128.000000,7076684288.000000,7076971520.000000,7077258752.000000,7077545984.000000,7077831680.000000,7078118400.000000,7078405632.000000,7078691328.000000,7078979072.000000,7079265280.000000,7079552512.000000,7079839232.000000,7080125952.000000,7080412672.000000,7080698368.000000,7080985600.000000,7081272832.000000,7081558528.000000,7081845248.000000,7082131968.000000,7082419200.000000,7082705408.000000,7082992128.000000,7083278336.000000,7083565568.000000,7083851776.000000,7084139008.000000,7084425216.000000,7084711424.000000,7084997632.000000,7085284864.000000
7450486784.000000,7450785792.000000,7451090944.000000,7451394048.000000,7451696640.000000,7451999232.000000,7452302848.000000,7452605440.000000,7452909056.000000,7453211648.000000,7453514752.000000,7453818368.000000,7454121984.000000,7454424576.000000,7454727168.000000,7455029760.000000,7455332864.000000,7455635456.000000,7455939584.000000,7456242688.000000,7456545280.000000,7456847872.000000,7457151488.000000,7457454592.000000,7457758720.000000,7458060800.000000,7458363904.000000,7458666496.000000,7458969600.000000,7459273216.000000,7459574784.000000,7459878912.000000,7460183552.000000,7460487168.000000,7460787712.000000,7461090816.000000,7461394944.000000,7461697536.000000,7462000128.000000,7462303744.000000,7462605312.000000,7462909440.000000,7463212544.000000,7463516160.000000,7463818240.000000,7464121856.000000,7464425472.000000,7464727552.000000,7465031168.000000,7465333760.000000,7465636864.000000,7465939968.000000,7466242048.000000,7466546176.000000,7466848768.000000,7467151872.000000,7467454464.000000,7467758080.000000,7468060672.000000,7468364288.000000,7468666880.000000,7468969984.000000,7469273088.000000,7469575680.000000,7469876736.000000,7470181888.000000,7470486016.000000,7470788096.000000,7471091200.000000,7471394816.000000,7471697920.000000,7472000512.000000,7472304128.000000,7472606208.000000,7472909824.000000,7473212928.000000,7473516544.000000,7473818624.000000,7474121728.000000,7474425344.000000,7474727424.000000,7475031552.000000,7475333632.000000,7475637248.000000,7475940352.000000,7476242944.000000,7476546048.000000,7476848640.000000,7477153280.000000,7477455872.000000,7477757952.000000,7478061568.000000,7478364672.000000,7478667776.000000,7478970368.000000,7479273984.000000,7479578112.000000,7479878144.000000,7480181760.000000,7480485888.000000,7480788992.000000,7481091072.000000,7481395200.000000,7481697792.000000,7481999872.000000,7482304000.000000,7482606592.000000,7482910208.000000,7483213312.000000,7483515392.000000,7483819520.000000,7484122624.000000,7484425216.000000,7484728320.000000,7485031936.000000,7485334528.000000,7485637120.000000,7485940736.000000,7486243328.000000,7486546432.000000,7486849024.000000,7487152640.000000,7487455232.000000,7487758336.000000,7488061440.000000,7488364544.000000,7488667136.000000,7488969728.000000
7852092416.000000,7852406784.000000,7852728320.000000,7853047808.000000,7853366784.000000,7853686784.000000,7854005760.000000,7854324736.000000,7854644736.000000,7854964224.000000,7855283200.000000,7855603200.000000,7855923200.000000,7856241664.000000,7856561152.000000,7856880640.000000,7857199616.000000,7857519104.000000,7857839104.000000,7858158080.000000,7858477568.000000,7858797568.000000,7859116544.000000,7859436032.000000,7859756544.000000,7860075008.000000,7860394496.000000,7860713984.000000,7861032960.000000,7861352960.000000,7861671424.000000,7861991424.000000,7862312448.000000,7862631936.000000,7862949376.000000,7863269376.000000,7863589376.000000,7863908352.000000,7864227840.000000,7864547328.000000,7864865280.000000,7865185792.000000,7865505280.000000,7865824768.000000,7866144768.000000,7866463744.000000,7866782720.000000,7867102208.000000,7867422720.000000,7867741184.000000,7868061184.000000,7868380160.000000,7868698624.000000,7869019136.000000,7869338112.000000,7869657600.000000,7869977088.000000,7870296576.000000,7870615552.000000,7870935040.000000,7871254528.000000,7871574016.000000,7871893504.000000,7872211968.000000,7872529920.000000,7872851456.000000,7873172480.000000,7873490944.000000,7873809920.000000,7874129920.000000,7874449920.000000,7874767872.000000,7875088384.000000,7875407872.000000,7875726848.000000,7876046336.000000,7876366336.000000,7876684800.000000,7877004288.000000,7877324800.000000,7877642752.000000,7877963264.000000,7878281728.000000,7878601728.000000,7878921216.000000,7879240192.000000,7879559680.000000,7879878656.000000,7880199680.000000,7880518656.000000,7880837120.000000,7881156608.000000,7881476608.000000,7881796096.000000,7882115072.000000,7882435072.000000,7882755584.000000,7883072000.000000,7883392000.000000,7883712000.000000,7884032000.000000,7884350464.000000,7884670976.000000,7884989952.000000,7885308416.000000,7885628928.000000,7885947904.000000,7886267904.000000,7886587392.000000,7886905856.000000,7887226368.000000,7887545856.000000,7887864832.000000,7888183808.000000,7888504320.000000,7888822784.000000,7889142272.000000,7889462784.000000,7889781248.000000,7890100736.000000,7890419712.000000,7890739712.000000,7891058688.000000,7891378688.000000,7891697664.000000,7892016640.000000,7892336128.000000,7892655104.000000
8253697024.000000,8254028800.000000,8254364672.000000,8254700544.000000,8255036928.000000,8255373312.000000,8255708672.000000,8256044032.000000,8256380416.000000,8256715776.000000,8257051648.000000,8257388032.000000,8257724416.000000,8258059264.000000,8258394624.000000,8258731008.000000,8259066880.000000,8259401728.000000,8259738624.000000,8260074496.000000,8260409856.000000,8260745216.000000,8261082112.000000,8261417472.000000,8261754368.000000,8262089216.000000,8262425088.000000,8262760960.000000,8263096320.000000,8263432704.000000,8263767552.000000,8264103936.000000,8264441344.000000,8264777216.000000,8265111040.000000,8265447936.000000,8265783296.000000,8266119168.000000,8266455040.000000,8266790912.000000,8267125248.000000,8267462144.000000,8267798016.000000,8268134400.000000,8268470272.000000,8268805632.000000,8269140992.000000,8269476352.000000,8269813760.000000,8270148608.000000,8270484992.000000,8270820352.000000,8271155200.000000,8271492096.000000,8271827968.000000,8272163328.000000,8272499200.000000,8272835072.000000,8273170432.000000,8273506816.000000,8273842176.000000,8274178048.000000,8274513920.000000,8274850304.000000,8275183104.000000,8275521024.000000,8275858432.000000,8276192768.000000,8276529152.000000,8276865024.000000,8277201408.000000,8277536256.000000,8277872128.000000,8278208512.000000,8278543872.000000,8278879744.000000,8279216128.000000,8279550976.000000,8279886848.000000,8280223232.000000,8280557568.000000,8280894976.000000,8281229824.000000,8281565184.000000,8281902080.000000,8282237440.000000,8282573312.000000,8282909696.000000,8283246080.000000,8283580928.000000,8283916288.000000,8284252672.000000,8284588544.000000,8284924416.000000,8285259776.000000,8285596160.000000,8285933056.000000,8286265856.000000,8286602240.000000,8286939136.000000,8287274496.000000,8287609856.000000,8287946752.000000,8288282112.000000,8288616960.000000,8288953856.000000,8289289216.000000,8289625600.000000,8289961472.000000,8290296320.000000,8290632192.000000,8290969088.000000,8291304448.000000,8291640320.000000,8291976704.000000,8292312064.000000,8292647424.000000,8292983296.000000,8293319168.000000,8293654528.000000,8293990912.000000,8294326784.000000,8294662144.000000,8294999040.000000,8295333376.000000,8295669760.000000,8296006144.000000,8296339968.000000
8655301632.000000,8655649792.000000,8656003072.000000,8656354304.000000,8656707584.000000,8657058816.000000,8657412096.000000,8657763328.000000,8658116608.000000,8658468864.000000,8658820096.000000,8659173376.000000,8659525632.000000,8659876864.000000,8660229120.000000,8660581376.000000,8660933632.000000,8661285888.000000,8661638144.000000,8661990400.000000,8662342656.000000,8662694912.000000,8663047168.000000,8663399424.000000,8663752704.000000,8664103936.000000,8664456192.000000,8664807424.000000,8665159680.000000,8665511936.000000,8665863168.000000,8666215424.000000,8666569728.000000,8666921984.000000,8667272192.000000,8667625472.000000,8667977728.000000,8668329984.000000,8668681216.000000,8669033472.000000,8669384704.000000,8669737984.000000,8670090240.000000,8670443520.000000,8670795776.000000,8671147008.000000,8671499264.000000,8671850496.000000,8672204800.000000,8672556032.000000,8672908288.000000,8673260544.000000,8673611776.000000,8673965056.000000,8674317312.000000,8674669568.000000,8675021824.000000,8675374080.000000,8675725312.000000,8676077568.000000,8676429824.000000,8676782080.000000,8677134336.000000,8677486592.000000,8677836800.000000,8678191104.000000,8678544384.000000,8678895616.000000,8679247872.000000,8679600128.000000,8679953408.000000,8680304640.000000,8680656896.000000,8681009152.000000,8681361408.000000,8681713664.000000,8682065920.000000,8682417152.000000,8682769408.000000,8683121664.000000,8683472896.000000,8683826176.000000,8684177408.000000,8684530688.000000,8684882944.000000,8685235200.000000,8685586432.000000,8685938688.000000,8686291968.000000,8686643200.000000,8686995456.000000,8687347712.000000,8687699968.000000,8688052224.000000,8688404480.000000,8688756736.000000,8689111040.000000,8689459200.000000,8689812480.000000,8690164736.000000,8690516992.000000,8690870272.000000,8691222528.000000,8691574784.000000,8691926016.000000,8692278272.000000,8692630528.000000,8692982784.000000,8693336064.000000,8693687296.000000,8694039552.000000,8694392832.000000,8694744064.000000,8695096320.000000,8695449600.000000,8695800832.000000,8696153088.000000,8696505344.000000,8696857600.000000,8697208832.000000,8697561088.000000,8697913344.000000,8698265600.000000,8698618880.000000,8698970112.000000,8699322368.000000,8699674624.000000,8700024832.000000
9056906240.000000,9057270784.000000,9057640448.000000,9058008064.000000,9058377728.000000,9058745344.000000,9059115008.000000,9059482624.000000,9059852288.000000,9060219904.000000,9060588544.000000,9060957184.000000,9061326848.000000,9061694464.000000,9062063104.000000,9062431744.000000,9062800384.000000,9063168000.000000,9063537664.000000,9063906304.000000,9064274944.000000,9064642560.000000,9065013248.000000,9065380864.000000,9065750528.000000,9066118144.000000,9066486784.000000,9066855424.000000,9067223040.000000,9067592704.000000,9067959296.000000,9068327936.000000,9068698624.000000,9069067264.000000,9069433856.000000,9069803520.000000,9070171136.000000,9070540800.000000,9070908416.000000,9071278080.000000,9071644672.000000,9072015360.000000,9072382976.000000,9072751616.000000,9073121280.000000,9073489920.000000,9073857536.000000,9074226176.000000,9074595840.000000,9074963456.000000,9075332096.000000,9075700736.000000,9076068352.000000,9076438016.000000,9076805632.000000,9077175296.000000,9077542912.000000,9077912576.000000,9078280192.000000,9078649856.000000,9079018496.000000,9079387136.000000,9079754752.000000,9080124416.000000,9080489984.000000,9080860672.000000,9081229312.000000,9081597952.000000,9081966592.000000,9082336256.000000,9082703872.000000,9083072512.000000,9083441152.000000,9083809792.000000,9084177408.000000,9084547072.000000,9084915712.000000,9085282304.000000,9085651968.000000,9086019584.000000,9086388224.000000,9086757888.000000,9087126528.000000,9087494144.000000,9087863808.000000,9088231424.000000,9088601088.000000,9088968704.000000,9089339392.000000,9089705984.000000,9090074624.000000,9090443264.000000,9090811904.000000,9091180544.000000,9091549184.000000,9091917824.000000,9092288512.000000,9092653056.000000,9093023744.000000,9093391360.000000,9093761024.000000,9094128640.000000,9094498304.000000,9094866944.000000,9095234560.000000,9095603200.000000,9095972864.000000,9096341504.000000,9096710144.000000,9097076736.000000,9097446400.000000,9097815040.000000,9098183680.000000,9098551296.000000,9098921984.000000,9099290624.000000,9099658240.000000,9100026880.000000,9100395520.000000,9100763136.000000,9101132800.000000,9101500416.000000,9101870080.000000,9102237696.000000,9102606336.000000,9102974976.000000,9103343616.000000,9103710208.000000
9458510848.000000,9458892800.000000,9459278848.000000,9459662848.000000,9460048896.000000,9460432896.000000,9460817920.000000,9461202944.000000,9461587968.000000,9461972992.000000,9462358016.000000,9462742016.000000,9463128064.000000,9463512064.000000,9463897088.000000,9464282112.000000,9464667136.000000,9465052160.000000,9465437184.000000,9465822208.000000,9466207232.000000,9466592256.000000,9466976256.000000,9467362304.000000,9467748352.000000,9468132352.000000,9468517376.000000,9468901376.000000,9469286400.000000,9469671424.000000,9470055424.000000,9470440448.000000,9470827520.000000,9471211520.000000,9471595520.000000,9471980544.000000,9472365568.000000,9472751616.000000,9473135616.000000,9473521664.000000,9473905664.000000,9474291712.000000,9474676736.000000,9475061760.000000,9475446784.000000,9475829760.000000,9476215808.000000,9476600832.000000,9476986880.000000,9477370880.000000,9477755904.000000,9478139904.000000,9478524928.000000,9478910976.000000,9479294976.000000,9479678976.000000,9480064000.000000,9480450048.000000,9480835072.000000,9481219072.000000,9481605120.000000,9481990144.000000,9482375168.000000,9482760192.000000,9483143168.000000,9483530240.000000,9483915264.000000,9484300288.000000,9484685312.000000,9485070336.000000,9485455360.000000,9485840384.000000,9486225408.000000,9486610432.000000,9486995456.000000,9487380480.000000,9487765504.000000,9488149504.000000,9488534528.000000,9488919552.000000,9489303552.000000,9489690624.000000,9490075648.000000,9490459648.000000,9490844672.000000,9491229696.000000,9491614720.000000,9491999744.000000,9492385792.000000,9492769792.000000,9493153792.000000,9493538816.000000,9493923840.000000,9494308864.000000,9494692864.000000,9495078912.000000,9495464960.000000,9495846912.000000,9496233984.000000,9496619008.000000,9497004032.000000,9497389056.000000,9497774080.000000,9498159104.000000,9498542080.000000,9498928128.000000,9499313152.000000,9499699200.000000,9500084224.000000,9500468224.000000,9500853248.000000,9501239296.000000,9501624320.000000,9502008320.000000,9502394368.000000,9502779392.000000,9503163392.000000,9503549440.000000,9503933440.000000,9504318464.000000,9504703488.000000,9505088512.000000,9505473536.000000,9505859584.000000,9506242560.000000,9506627584.000000,9507014656.000000,9507395584.000000
9860116480.000000,9860511744.000000,9860916224.000000,9861315584.000000,9861720064.000000,9862118400.000000,9862520832.000000,9862922240.000000,9863323648.000000,9863724032.000000,9864125440.000000,9864527872.000000,9864929280.000000,9865330688.000000,9865730048.000000,9866132480.000000,9866533888.000000,9866935296.000000,9867336704.000000,9867738112.000000,9868139520.000000,9868539904.000000,9868942336.000000,9869342720.000000,9869746176.000000,9870145536.000000,9870547968.000000,9870949376.000000,9871349760.000000,9871752192.000000,9872153600.000000,9872552960.000000,9872955392.000000,9873356800.000000,9873756160.000000,9874159616.000000,9874560000.000000,9874962432.000000,9875362816.000000,9875765248.000000,9876164608.000000,9876568064.000000,9876968448.000000,9877369856.000000,9877772288.000000,9878172672.000000,9878574080.000000,9878975488.000000,9879378944.000000,9879778304.000000,9880180736.000000,9880581120.000000,9880982528.000000,9881383936.000000,9881785344.000000,9882186752.000000,9882587136.000000,9882989568.000000,9883388928.000000,9883792384.000000,9884192768.000000,9884595200.000000,9884995584.000000,9885399040.000000,9885796352.000000,9886200832.000000,9886601216.000000,9887003648.000000,9887404032.000000,9887805440.000000,9888205824.000000,9888607232.000000,9889009664.000000,9889411072.000000,9889812480.000000,9890213888.000000,9890615296.000000,9891014656.000000,9891417088.000000,9891817472.000000,9892218880.000000,9892621312.000000,9893023744.000000,9893424128.000000,9893824512.000000,9894226944.000000,9894628352.000000,9895029760.000000,9895432192.000000,9895832576.000000,9896232960.000000,9896635392.000000,9897035776.000000,9897436160.000000,9897837568.000000,9898240000.000000,9898642432.000000,9899040768.000000,9899444224.000000,9899844608.000000,9900248064.000000,9900648448.000000,9901049856.000000,9901451264.000000,9901850624.000000,9902254080.000000,9902654464.000000,9903056896.000000,9903458304.000000,9903858688.000000,9904260096.000000,9904661504.000000,9905062912.000000,9905463296.000000,9905865728.000000,9906267136.000000,9906668544.000000,9907068928.000000,9907472384.000000,9907871744.000000,9908274176.000000,9908674560.000000,9909076992.000000,9909477376.000000,9909880832.000000,9910280192.000000,9910683648.000000,9911080960.000000
10261721088.000000,10262134784.000000,10262553600.000000,10262971392.000000,10263390208.000000,10263806976.000000,10264223744.000000,10264641536.000000,10265059328.000000,10265477120.000000,10265894912.000000,10266311680.000000,10266730496.000000,10267147264.000000,10267564032.000000,10267982848.000000,10268400640.000000,10268817408.000000,10269235200.000000,10269654016.000000,10270071808.000000,10270489600.000000,10270908416.000000,10271325184.000000,10271744000.000000,10272160768.000000,10272578560.000000,10272997376.000000,10273413120.000000,10273831936.000000,10274249728.000000,10274664448.000000,10275084288.000000,10275501056.000000,10275917824.000000,10276337664.000000,10276754432.000000,10277173248.000000,10277591040.000000,10278007808.000000,10278423552.000000,10278843392.000000,10279260160.000000,10279680000.000000,10280097792.000000,10280514560.000000,10280932352.000000,10281350144.000000,10281768960.000000,10282186752.000000,10282603520.000000,10283021312.000000,10283439104.000000,10283856896.000000,10284274688.000000,10284690432.000000,10285109248.000000,10285526016.000000,10285943808.000000,10286361600.000000,10286779392.000000,10287197184.000000,10287616000.000000,10288033792.000000,10288448512.000000,10288869376.000000,10289287168.000000,10289704960.000000,10290122752.000000,10290540544.000000,10290958336.000000,10291376128.000000,10291794944.000000,10292211712.000000,10292629504.000000,10293046272.000000,10293465088.000000,10293881856.000000,10294299648.000000,10294717440.000000,10295134208.000000,10295553024.000000,10295970816.000000,10296388608.000000,10296805376.000000,10297224192.000000,10297641984.000000,10298059776.000000,10298478592.000000,10298896384.000000,10299313152.000000,10299729920.000000,10300148736.000000,10300566528.000000,10300982272.000000,10301401088.000000,10301819904.000000,10302234624.000000,10302654464.000000,10303072256.000000,10303491072.000000,10303907840.000000,10304325632.000000,10304743424.000000,10305160192.000000,10305579008.000000,10305996800.000000,10306414592.000000,10306832384.000000,10307250176.000000,10307666944.000000,10308085760.000000,10308502528.000000,10308920320.000000,10309339136.000000,10309755904.000000,10310173696.000000,10310591488.000000,10311010304.000000,10311427072.000000,10311844864.000000,10312262656.000000,10312680448.000000,10313099264.000000,10313517056.000000,10313934848.000000,10314352640.000000,10314768384.000000
10663325696.000000,10663754752.000000,10664192000.000000,10664623104.000000,10665060352.000000,10665491456.000000,10665926656.000000,10666360832.000000,10666795008.000000,10667229184.000000,10667662336.000000,10668097536.000000,10668530688.000000,10668964864.000000,10669399040.000000,10669833216.000000,10670267392.000000,10670701568.000000,10671135744.000000,10671568896.000000,10672004096.000000,10672437248.000000,10672872448.000000,10673306624.000000,10673741824.000000,10674174976.000000,10674609152.000000,10675043328.000000,10675476480.000000,10675911680.000000,10676345856.000000,10676776960.000000,10677213184.000000,10677646336.000000,10678079488.000000,10678514688.000000,10678948864.000000,10679384064.000000,10679818240.000000,10680251392.000000,10680684544.000000,10681120768.000000,10681552896.000000,10681988096.000000,10682423296.000000,10682856448.000000,10683291648.000000,10683724800.000000,10684160000.000000,10684594176.000000,10685028352.000000,10685461504.000000,10685894656.000000,10686329856.000000,10686763008.000000,10687198208.000000,10687631360.000000,10688066560.000000,10688498688.000000,10688934912.000000,10689367040.000000,10689803264.000000,10690236416.000000,10690673664.000000,10691101696.000000,10691540992.000000,10691973120.000000,10692408320.000000,10692841472.000000,10693274624.000000,10693709824.000000,10694142976.000000,10694579200.000000,10695011328.000000,10695446528.000000,10695880704.000000,10696314880.000000,10696747008.000000,10697182208.000000,10697615360.000000,10698048512.000000,10698484736.000000,10698917888.000000,10699353088.000000,10699786240.000000,10700220416.000000,10700655616.000000,10701087744.000000,10701524992.000000,10701957120.000000,10702392320.000000,10702826496.000000,10703260672.000000,10703693824.000000,10704128000.000000,10704562176.000000,10704997376.000000,10705428480.000000,10705864704.000000,10706298880.000000,10706734080.000000,10707167232.000000,10707601408.000000,10708034560.000000,10708468736.000000,10708902912.000000,10709338112.000000,10709772288.000000,10710206464.000000,10710638592.000000,10711074816.000000,10711507968.000000,10711942144.000000,10712375296.000000,10712811520.000000,10713244672.000000,10713678848.000000,10714112000.000000,10714548224.000000,10714979328.000000,10715416576.000000,10715848704.000000,10716283904.000000,10716716032.000000,10717153280.000000,10717585408.000000,10718021632.000000,10718451712.000000
11064930304.000000,11065377792.000000,11065829376.000000,11066279936.000000,11066730496.000000,11067179008.000000,11067629568.000000,11068080128.000000,11068530688.000000,11068980224.000000,11069429760.000000,11069881344.000000,11070332928.000000,11070782464.000000,11071233024.000000,11071683584.000000,11072134144.000000,11072584704.000000,11073035264.000000,11073485824.000000,11073936384.000000,11074386944.000000,11074838528.000000,11075288064.000000,11075739648.000000,11076189184.000000,11076639744.000000,11077089280.000000,11077539840.000000,11077990400.000000,11078441984.000000,11078889472.000000,11079342080.000000,11079791616.000000,11080241152.000000,11080692736.000000,11081143296.000000,11081594880.000000,11082044416.000000,11082494976.000000,11082944512.000000,11083396096.000000,11083846656.000000,11084298240.000000,11084748800.000000,11085198336.000000,11085649920.000000,11086100480.000000,11086551040.000000,11087000576.000000,11087451136.000000,11087900672.000000,11088351232.000000,11088802816.000000,11089252352.000000,11089701888.000000,11090153472.000000,11090604032.000000,11091054592.000000,11091504128.000000,11091953664.000000,11092405248.000000,11092855808.000000,11093307392.000000,11093754880.000000,11094208512.000000,11094659072.000000,11095109632.000000,11095560192.000000,11096010752.000000,11096461312.000000,11096912896.000000,11097363456.000000,11097812992.000000,11098263552.000000,11098714112.000000,11099164672.000000,11099614208.000000,11100064768.000000,11100515328.000000,11100964864.000000,11101416448.000000,11101867008.000000,11102317568.000000,11102767104.000000,11103218688.000000,11103670272.000000,11104119808.000000,11104571392.000000,11105020928.000000,11105470464.000000,11105921024.000000,11106373632.000000,11106822144.000000,11107272704.000000,11107723264.000000,11108174848.000000,11108623360.000000,11109075968.000000,11109526528.000000,11109977088.000000,11110425600.000000,11110877184.000000,11111327744.000000,11111777280.000000,11112227840.000000,11112678400.000000,11113128960.000000,11113580544.000000,11114031104.000000,11114481664.000000,11114931200.000000,11115381760.000000,11115832320.000000,11116283904.000000,11116733440.000000,11117184000.000000,11117633536.000000,11118085120.000000,11118535680.000000,11118987264.000000,11119436800.000000,11119887360.000000,11120338944.000000,11120789504.000000,11121240064.000000,11121690624.000000,11122139136.000000
11466534912.000000,11466996736.000000,11467467776.000000,11467930624.000000,11468400640.000000,11468864512.000000,11469332480.000000,11469800448.000000,11470265344.000000,11470732288.000000,11471199232.000000,11471666176.000000,11472133120.000000,11472599040.000000,11473067008.000000,11473533952.000000,11474000896.000000,11474467840.000000,11474934784.000000,11475401728.000000,11475868672.000000,11476334592.000000,11476802560.000000,11477269504.000000,11477737472.000000,11478203392.000000,11478670336.000000,11479137280.000000,11479603200.000000,11480071168.000000,11480538112.000000,11481003008.000000,11481470976.000000,11481935872.000000,11482403840.000000,11482870784.000000,11483338752.000000,11483805696.000000,11484271616.000000,11484738560.000000,11485204480.000000,11485673472.000000,11486138368.000000,11486604288.000000,11487074304.000000,11487540224.000000,11488008192.000000,11488474112.000000,11488942080.000000,11489408000.000000,11489875968.000000,11490341888.000000,11490807808.000000,11491275776.000000,11491742720.000000,11492208640.000000,11492675584.000000,11493142528.000000,11493608448.000000,11494077440.000000,11494541312.000000,11495011328.000000,11495476224.000000,11495948288.000000,11496408064.000000,11496881152.000000,11497345024.000000,11497810944.000000,11498278912.000000,11498745856.000000,11499213824.000000,11499678720.000000,11500146688.000000,11500613632.000000,11501080576.000000,11501547520.000000,11502013440.000000,11502479360.000000,11502947328.000000,11503413248.000000,11503880192.000000,11504347136.000000,11504815104.000000,11505282048.000000,11505747968.000000,11506214912.000000,11506682880.000000,11507148800.000000,11507617792.000000,11508082688.000000,11508549632.000000,11509016576.000000,11509485568.000000,11509950464.000000,11510417408.000000,11510883328.000000,11511352320.000000,11511817216.000000,11512286208.000000,11512752128.000000,11513220096.000000,11513684992.000000,11514152960.000000,11514618880.000000,11515085824.000000,11515553792.000000,11516019712.000000,11516488704.000000,11516954624.000000,11517420544.000000,11517887488.000000,11518354432.000000,11518821376.000000,11519287296.000000,11519756288.000000,11520222208.000000,11520689152.000000,11521156096.000000,11521623040.000000,11522088960.000000,11522556928.000000,11523022848.000000,11523491840.000000,11523954688.000000,11524425728.000000,11524889600.000000,11525361664.000000,11525822464.000000
11868139520.000000,11868620800.000000,11869105152.000000,11869586432.000000,11870070784.000000,11870551040.000000,11871035392.000000,11871518720.000000,11872001024.000000,11872484352.000000,11872968704.000000,11873451008.000000,11873934336.000000,11874417664.000000,11874899968.000000,11875384320.000000,11875867648.000000,11876350976.000000,11876834304.000000,11877317632.000000,11877800960.000000,11878285312.000000,11878768640.000000,11879250944.000000,11879735296.000000,11880218624.000000,11880700928.000000,11881183232.000000,11881666560.000000,11882149888.000000,11882634240.000000,11883114496.000000,11883599872.000000,11884081152.000000,11884565504.000000,11885048832.000000,11885533184.000000,11886016512.000000,11886498816.000000,11886982144.000000,11887464448.000000,11887947776.000000,11888431104.000000,11888915456.000000,11889399808.000000,11889882112.000000,11890366464.000000,11890849792.000000,11891333120.000000,11891816448.000000,11892298752.000000,11892781056.000000,11893264384.000000,11893748736.000000,11894232064.000000,11894715392.000000,11895197696.000000,11895680000.000000,11896163328.000000,11896646656.000000,11897128960.000000,11897612288.000000,11898096640.000000,11898580992.000000,11899061248.000000,11899547648.000000,11900030976.000000,11900514304.000000,11900997632.000000,11901481984.000000,11901965312.000000,11902448640.000000,11902930944.000000,11903414272.000000,11903897600.000000,11904381952.000000,11904863232.000000,11905347584.000000,11905829888.000000,11906313216.000000,11906795520.000000,11907279872.000000,11907763200.000000,11908246528.000000,11908728832.000000,11909213184.000000,11909696512.000000,11910179840.000000,11910664192.000000,11911147520.000000,11911628800.000000,11912112128.000000,11912595456.000000,11913079808.000000,11913563136.000000,11914044416.000000,11914529792.000000,11915011072.000000,11915496448.000000,11915978752.000000,11916462080.000000,11916944384.000000,11917428736.000000,11917912064.000000,11918393344.000000,11918878720.000000,11919361024.000000,11919845376.000000,11920328704.000000,11920811008.000000,11921295360.000000,11921777664.000000,11922260992.000000,11922744320.000000,11923228672.000000,11923710976.000000,11924194304.000000,11924677632.000000,11925161984.000000,11925643264.000000,11926126592.000000,11926610944.000000,11927095296.000000,11927578624.000000,11928061952.000000,11928545280.000000,11929030656.000000,11929511936.000000
12269744128.000000,12270238720.000000,12270741504.000000,12271238144.000000,12271738880.000000,12272238592.000000,12272738304.000000,12273239040.000000,12273736704.000000,12274236416.000000,12274736128.000000,12275235840.000000,12275735552.000000,12276235264.000000,12276734976.000000,12277234688.000000,12277734400.000000,12278234112.000000,12278733824.000000,12279232512.000000,12279733248.000000,12280231936.000000,12280732672.000000,12281232384.000000,12281732096.000000,12282231808.000000,12282731520.000000,12283230208.000000,12283729920.000000,12284230656.000000,12284731392.000000,12285227008.000000,12285727744.000000,12286226432.000000,12286727168.000000,12287227904.000000,12287727616.000000,12288226304.000000,12288726016.000000,12289225728.000000,12289724416.000000,12290225152.000000,12290723840.000000,12291224576.000000,12291724288.000000,12292224000.000000,12292724736.000000,12293224448.000000,12293725184.000000,12294223872.000000,12294723584.000000,12295222272.000000,12295720960.000000,12296221696.000000,12296720384.000000,12297221120.000000,12297719808.000000,12298219520.000000,12298718208.000000,12299219968.000000,12299716608.000000,12300219392.000000,12300716032.000000,12301221888.000000,12301714432.000000,12302221312.000000,12302716928.000000,12303215616.000000,12303717376.000000,12304215040.000000,12304716800.000000,12305214464.000000,12305715200.000000,12306214912.000000,12306714624.000000,12307214336.000000,12307714048.000000,12308211712.000000,12308712448.000000,12309211136.000000,12309710848.000000,12310211584.000000,12310711296.000000,12311211008.000000,12311709696.000000,12312209408.000000,12312711168.000000,12313209856.000000,12313710592.000000,12314208256.000000,12314707968.000000,12315207680.000000,12315708416.000000,12316208128.000000,12316706816.000000,12317205504.000000,12317707264.000000,12318204928.000000,12318706688.000000,12319205376.000000,12319705088.000000,12320204800.000000,12320704512.000000,12321204224.000000,12321701888.000000,12322203648.000000,12322702336.000000,12323203072.000000,12323702784.000000,12324202496.000000,12324702208.000000,12325201920.000000,12325700608.000000,12326199296.000000,12326701056.000000,12327199744.000000,12327699456.000000,12328198144.000000,12328698880.000000,12329198592.000000,12329697280.000000,12330196992.000000,12330698752.000000,12331194368.000000,12331698176.000000,12332194816.000000,12332699648.000000,12333193216.000000
12671348736.000000,12671863808.000000,12672378880.000000,12672892928.000000,12673409024.000000,12673925120.000000,12674441216.000000,12674957312.000000,12675473408.000000,12675989504.000000,12676505600.000000,12677020672.000000,12677536768.000000,12678052864.000000,12678567936.000000,12679085056.000000,12679601152.000000,12680117248.000000,12680633344.000000,12681149440.000000,12681665536.000000,12682181632.000000,12682696704.000000,12683213824.000000,12683730944.000000,12684246016.000000,12684762112.000000,12685277184.000000,12685792256.000000,12686309376.000000,12686827520.000000,12687339520.000000,12687856640.000000,12688370688.000000,12688888832.000000,12689405952.000000,12689921024.000000,12690437120.000000,12690953216.000000,12691469312.000000,12691984384.000000,12692500480.000000,12693017600.000000,12693534720.000000,12694049792.000000,12694565888.000000,12695083008.000000,12695599104.000000,12696115200.000000,12696630272.000000,12697146368.000000,12697662464.000000,12698177536.000000,12698693632.000000,12699209728.000000,12699724800.000000,12700241920.000000,12700758016.000000,12701273088.000000,12701790208.000000,12702305280.000000,12702820352.000000,12703335424.000000,12703854592.000000,12704367616.000000,12704886784.000000,12705402880.000000,12705918976.000000,12706436096.000000,12706952192.000000,12707466240.000000,12707983360.000000,12708499456.000000,12709015552.000000,12709531648.000000,12710047744.000000,12710563840.000000,12711079936.000000,12711595008.000000,12712111104.000000,12712625152.000000,12713143296.000000,12713659392.000000,12714175488.000000,12714691584.000000,12715207680.000000,12715723776.000000,12716239872.000000,12716755968.000000,12717272064.000000,12717787136.000000,12718303232.000000,12718820352.000000,12719337472.000000,12719852544.000000,12720366592.000000,12720884736.000000,12721398784.000000,12721916928.000000,12722432000.000000,12722948096.000000,12723464192.000000,12723980288.000000,12724496384.000000,12725010432.000000,12725528576.000000,12726043648.000000,12726560768.000000,12727076864.000000,12727591936.000000,12728109056.000000,12728624128.000000,12729140224.000000,12729656320.000000,12730173440.000000,12730688512.000000,12731205632.000000,12731719680.000000,12732236800.000000,12732752896.000000,12733267968.000000,12733784064.000000,12734301184.000000,12734818304.000000,12735334400.000000,12735850496.000000,12736368640.000000,12736882688.000000
13072953344.000000,13073479680.000000,13074015232.000000,13074545664.000000,13075079168.000000,13075611648.000000,13076144128.000000,13076676608.000000,13077209088.000000,13077740544.000000,13078273024.000000,13078805504.000000,13079339008.000000,13079871488.000000,13080402944.000000,13080935424.000000,13081467904.000000,13082000384.000000,13082532864.000000,13083065344.000000,13083597824.000000,13084129280.000000,13084661760.000000,13085196288.000000,13085728768.000000,13086259200.000000,13086791680.000000,13087324160.000000,13087855616.000000,13088389120.000000,13088923648.000000,13089453056.000000,13089985536.000000,13090515968.000000,13091050496.000000,13091584000.000000,13092115456.000000,13092647936.000000,13093180416.000000,13093712896.000000,13094244352.000000,13094777856.000000,13095310336.000000,13095840768.000000,13096375296.000000,13096908800.000000,13097441280.000000,13097973760.000000,13098506240.000000,13099037696.000000,13099570176.000000,13100102656.000000,13100634112.000000,13101167616.000000,13101699072.000000,13102232576.000000,13102764032.000000,13103296512.000000,13103827968.000000,13104362496.000000,13104892928.000000,13105427456.000000,13105955840.000000,13106495488.000000,13107020800.000000,13107559424.000000,13108088832.000000,13108620288.000000,13109154816.000000,13109684224.000000,13110217728.000000,13110750208.000000,13111283712.000000,13111816192.000000,13112348672.000000,13112881152.000000,13113413632.000000,13113944064.000000,13114477568.000000,13115009024.000000,13115540480.000000,13116075008.000000,13116607488.000000,13117139968.000000,13117672448.000000,13118202880.000000,13118738432.000000,13119269888.000000,13119802368.000000,13120333824.000000,13120866304.000000,13121398784.000000,13121932288.000000,13122464768.000000,13122996224.000000,13123527680.000000,13124062208.000000,13124592640.000000,13125127168.000000,13125657600.000000,13126191104.000000,13126723584.000000,13127256064.000000,13127788544.000000,13128318976.000000,13128853504.000000,13129384960.000000,13129918464.000000,13130450944.000000,13130982400.000000,13131515904.000000,13132047360.000000,13132579840.000000,13133112320.000000,13133645824.000000,13134177280.000000,13134710784.000000,13135240192.000000,13135774720.000000,13136306176.000000,13136838656.000000,13137371136.000000,13137903616.000000,13138436096.000000,13138970624.000000,13139499008.000000,13140037632.000000,13140563968.000000
13474558976.000000,13475105792.000000,13475653632.000000,13476199424.000000,13476749312.000000,13477299200.000000,13477847040.000000,13478395904.000000,13478944768.000000,13479492608.000000,13480042496.000000,13480590336.000000,13481140224.000000,13481688064.000000,13482235904.000000,13482785792.000000,13483334656.000000,13483884544.000000,13484432384.000000,13484980224.000000,13485530112.000000,13486080000.000000,13486626816.000000,13487175680.000000,13487726592.000000,13488273408.000000,13488822272.000000,13489371136.000000,13489920000.000000,13490468864.000000,13491019776.000000,13491564544.000000,13492114432.000000,13492661248.000000,13493213184.000000,13493761024.000000,13494309888.000000,13494859776.000000,13495408640.000000,13495956480.000000,13496504320.000000,13497053184.000000,13497602048.000000,13498153984.000000,13498702848.000000,13499249664.000000,13499799552.000000,13500348416.000000,13500898304.000000,13501446144.000000,13501993984.000000,13502542848.000000,13503090688.000000,13503640576.000000,13504188416.000000,13504736256.000000,13505286144.000000,13505836032.000000,13506383872.000000,13506932736.000000,13507481600.000000,13508028416.000000,13508576256.000000,13509128192.000000,13509673984.000000,13510225920.000000,13510774784.000000,13511324672.000000,13511874560.000000,13512422400.000000,13512969216.000000,13513519104.000000,13514067968.000000,13514616832.000000,13515165696.000000,13515715584.000000,13516262400.000000,13516812288.000000,13517360128.000000,13517908992.000000,13518456832.000000,13519005696.000000,13519555584.000000,13520104448.000000,13520653312.000000,13521202176.000000,13521751040.000000,13522298880.000000,13522848768.000000,13523398656.000000,13523946496.000000,13524495360.000000,13525043200.000000,13525593088.000000,13526141952.000000,13526688768.000000,13527239680.000000,13527787520.000000,13528337408.000000,13528885248.000000,13529434112.000000,13529982976.000000,13530531840.000000,13531080704.000000,13531629568.000000,13532178432.000000,13532725248.000000,13533275136.000000,13533825024.000000,13534372864.000000,13534921728.000000,13535471616.000000,13536019456.000000,13536568320.000000,13537118208.000000,13537666048.000000,13538214912.000000,13538763776.000000,13539313664.000000,13539861504.000000,13540410368.000000,13540958208.000000,13541507072.000000,13542057984.000000,13542604800.000000,13543155712.000000,13543706624.000000,13544255488.000000
13876163584.000000,13876721664.000000,13877289984.000000,13877854208.000000,13878419456.000000,13878985728.000000,13879549952.000000,13880115200.000000,13880680448.000000,13881244672.000000,13881809920.000000,13882376192.000000,13882941440.000000,13883505664.000000,13884070912.000000,13884636160.000000,13885201408.000000,13885766656.000000,13886331904.000000,13886898176.000000,13887462400.000000,13888026624.000000,13888591872.000000,13889158144.000000,13889724416.000000,13890288640.000000,13890852864.000000,13891419136.000000,13891983360.000000,13892549632.000000,13893115904.000000,13893679104.000000,13894243328.000000,13894806528.000000,13895374848.000000,13895940096.000000,13896504320.000000,13897069568.000000,13897635840.000000,13898200064.000000,13898764288.000000,13899331584.000000,13899894784.000000,13900461056.000000,13901028352.000000,13901592576.000000,13902157824.000000,13902724096.000000,13903289344.000000,13903853568.000000,13904417792.000000,13904983040.000000,13905547264.000000,13906113536.000000,13906677760.000000,13907244032.000000,13907808256.000000,13908373504.000000,13908937728.000000,13909504000.000000,13910069248.000000,13910635520.000000,13911196672.000000,13911769088.000000,13912327168.000000,13912899584.000000,13913460736.000000,13914023936.000000,13914593280.000000,13915155456.000000,13915720704.000000,13916286976.000000,13916852224.000000,13917417472.000000,13917982720.000000,13918547968.000000,13919112192.000000,13919676416.000000,13920242688.000000,13920806912.000000,13921372160.000000,13921937408.000000,13922503680.000000,13923068928.000000,13923634176.000000,13924197376.000000,13924765696.000000,13925330944.000000,13925895168.000000,13926459392.000000,13927024640.000000,13927590912.000000,13928155136.000000,13928720384.000000,13929285632.000000,13929848832.000000,13930417152.000000,13930980352.000000,13931547648.000000,13932110848.000000,13932677120.000000,13933242368.000000,13933807616.000000,13934371840.000000,13934938112.000000,13935503360.000000,13936066560.000000,13936632832.000000,13937199104.000000,13937764352.000000,13938329600.000000,13938892800.000000,13939459072.000000,13940024320.000000,13940590592.000000,13941155840.000000,13941720064.000000,13942283264.000000,13942852608.000000,13943413760.000000,13943981056.000000,13944545280.000000,13945110528.000000,13945675776.000000,13946241024.000000,13946804224.000000,13947375616.000000,13947935744.000000
14277768192.000000,14278347776.000000,14278928384.000000,14279507968.000000,14280089600.000000,14280671232.000000,14281252864.000000,14281834496.000000,14282416128.000000,14282997760.000000,14283579392.000000,14284161024.000000,14284742656.000000,14285323264.000000,14285904896.000000,14286487552.000000,14287068160.000000,14287649792.000000,14288231424.000000,14288813056.000000,14289394688.000000,14289977344.000000,14290556928.000000,14291138560.000000,14291722240.000000,14292303872.000000,14292883456.000000,14293465088.000000,14294046720.000000,14294628352.000000,14295209984.000000,14295789568.000000,14296372224.000000,14296951808.000000,14297536512.000000,14298117120.000000,14298698752.000000,14299280384.000000,14299862016.000000,14300442624.000000,14301024256.000000,14301605888.000000,14302187520.000000,14302772224.000000,14303351808.000000,14303933440.000000,14304516096.000000,14305097728.000000,14305680384.000000,14306260992.000000,14306840576.000000,14307422208.000000,14308004864.000000,14308586496.000000,14309167104.000000,14309747712.000000,14310330368.000000,14310912000.000000,14311493632.000000,14312075264.000000,14312657920.000000,14313236480.000000,14313816064.000000,14314400768.000000,14314980352.000000,14315565056.000000,14316146688.000000,14316729344.000000,14317312000.000000,14317891584.000000,14318472192.000000,14319053824.000000,14319636480.000000,14320218112.000000,14320799744.000000,14321381376.000000,14321961984.000000,14322544640.000000,14323125248.000000,14323706880.000000,14324287488.000000,14324869120.000000,14325451776.000000,14326033408.000000,14326615040.000000,14327196672.000000,14327777280.000000,14328359936.000000,14328941568.000000,14329523200.000000,14330104832.000000,14330686464.000000,14331267072.000000,14331848704.000000,14332431360.000000,14333009920.000000,14333593600.000000,14334175232.000000,14334757888.000000,14335338496.000000,14335920128.000000,14336501760.000000,14337082368.000000,14337665024.000000,14338244608.000000,14338827264.000000,14339408896.000000,14339991552.000000,14340573184.000000,14341153792.000000,14341735424.000000,14342317056.000000,14342898688.000000,14343481344.000000,14344062976.000000,14344643584.000000,14345225216.000000,14345805824.000000,14346389504.000000,14346970112.000000,14347551744.000000,14348132352.000000,14348713984.000000,14349295616.000000,14349877248.000000,14350460928.000000,14351044608.000000,14351626240.000000
14679372800.000000,14679963648.000000,14680564736.000000,14681161728.000000,14681759744.000000,14682357760.000000,14682955776.000000,14683553792.000000,14684151808.000000,14684749824.000000,14685346816.000000,14685945856.000000,14686543872.000000,14687141888.000000,14687738880.000000,14688336896.000000,14688935936.000000,14689532928.000000,14690130944.000000,14690729984.000000,14691326976.000000,14691923968.000000,14692521984.000000,14693120000.000000,14693720064.000000,14694316032.000000,14694914048.000000,14695512064.000000,14696110080.000000,14696708096.000000,14697306112.000000,14697903104.000000,14698501120.000000,14699097088.000000,14699698176.000000,14700296192.000000,14700892160.000000,14701492224.000000,14702089216.000000,14702687232.000000,14703286272.000000,14703883264.000000,14704480256.000000,14705079296.000000,14705677312.000000,14706275328.000000,14706873344.000000,14707472384.000000,14708071424.000000,14708668416.000000,14709264384.000000,14709863424.000000,14710461440.000000,14711058432.000000,14711656448.000000,14712255488.000000,14712851456.000000,14713451520.000000,14714049536.000000,14714646528.000000,14715245568.000000,14715843584.000000,14716436480.000000,14717042688.000000,14717633536.000000,14718236672.000000,14718832640.000000,14719429632.000000,14720030720.000000,14720624640.000000,14721223680.000000,14721822720.000000,14722420736.000000,14723018752.000000,14723616768.000000,14724212736.000000,14724811776.000000,14725408768.000000,14726007808.000000,14726604800.000000,14727201792.000000,14727799808.000000,14728399872.000000,14728997888.000000,14729595904.000000,14730192896.000000,14730792960.000000,14731389952.000000,14731987968.000000,14732584960.000000,14733182976.000000,14733782016.000000,14734379008.000000,14734977024.000000,14735577088.000000,14736172032.000000,14736772096.000000,14737369088.000000,14737968128.000000,14738565120.000000,14739163136.000000,14739761152.000000,14740358144.000000,14740957184.000000,14741553152.000000,14742152192.000000,14742750208.000000,14743347200.000000,14743947264.000000,14744546304.000000,14745143296.000000,14745740288.000000,14746338304.000000,14746935296.000000,14747535360.000000,14748131328.000000,14748730368.000000,14749328384.000000,14749927424.000000,14750523392.000000,14751122432.000000,14751719424.000000,14752317440.000000,14752915456.000000,14753513472.000000,14754109440.000000,14754713600.000000,14755306496.000000
15080977408.000000,15081590784.000000,15082203136.000000,15082815488.000000,15083429888.000000,15084045312.000000,15084658688.000000,15085273088.000000,15085887488.000000,15086500864.000000,15087116288.000000,15087729664.000000,15088345088.000000,15088958464.000000,15089572864.000000,15090187264.000000,15090801664.000000,15091417088.000000,15092030464.000000,15092645888.000000,15093259264.000000,15093874688.000000,15094487040.000000,15095101440.000000,15095717888.000000,15096330240.000000,15096944640.000000,15097559040.000000,15098172416.000000,15098787840.000000,15099402240.000000,15100016640.000000,15100628992.000000,15101242368.000000,15101859840.000000,15102474240.000000,15103088640.000000,15103703040.000000,15104316416.000000,15104930816.000000,15105544192.000000,15106158592.000000,15106774016.000000,15107389440.000000,15108002816.000000,15108617216.000000,15109231616.000000,15109847040.000000,15110462464.000000,15111075840.000000,15111688192.000000,15112302592.000000,15112916992.000000,15113532416.000000,15114145792.000000,15114761216.000000,15115373568.000000,15115988992.000000,15116603392.000000,15117217792.000000,15117833216.000000,15118445568.000000,15119056896.000000,15119674368.000000,15120286720.000000,15120904192.000000,15121518592.000000,15122135040.000000,15122748416.000000,15123360768.000000,15123975168.000000,15124590592.000000,15125204992.000000,15125819392.000000,15126432768.000000,15127047168.000000,15127661568.000000,15128276992.000000,15128890368.000000,15129504768.000000,15130117120.000000,15130732544.000000,15131347968.000000,15131962368.000000,15132576768.000000,15133191168.000000,15133804544.000000,15134418944.000000,15135034368.000000,15135647744.000000,15136263168.000000,15136877568.000000,15137492992.000000,15138106368.000000,15138720768.000000,15139333120.000000,15139949568.000000,15140562944.000000,15141177344.000000,15141791744.000000,15142406144.000000,15143020544.000000,15143634944.000000,15144250368.000000,15144861696.000000,15145478144.000000,15146091520.000000,15146705920.000000,15147321344.000000,15147934720.000000,15148549120.000000,15149163520.000000,15149777920.000000,15150393344.000000,15151007744.000000,15151621120.000000,15152235520.000000,15152849920.000000,15153463296.000000,15154077696.000000,15154693120.000000,15155306496.000000,15155920896.000000,15156535296.000000,15157149696.000000,15157766144.000000,15158382592.000000,15158996992.000000
15482582016.000000,15483205632.000000,15483839488.000000,15484469248.000000,15485100032.000000,15485729792.000000,15486361600.000000,15486992384.000000,15487623168.000000,15488254976.000000,15488883712.000000,15489515520.000000,15490146304.000000,15490776064.000000,15491406848.000000,15492038656.000000,15492668416.000000,15493299200.000000,15493929984.000000,15494559744.000000,15495191552.000000,15495821312.000000,15496452096.000000,15497083904.000000,15497715712.000000,15498345472.000000,15498975232.000000,15499606016.000000,15500235776.000000,15500866560.000000,15501498368.000000,15502127104.000000,15502757888.000000,15503387648.000000,15504021504.000000,15504650240.000000,15505283072.000000,15505913856.000000,15506543616.000000,15507175424.000000,15507804160.000000,15508435968.000000,15509066752.000000,15509697536.000000,15510328320.000000,15510960128.000000,15511589888.000000,15512221696.000000,15512853504.000000,15513482240.000000,15514112000.000000,15514743808.000000,15515373568.000000,15516004352.000000,15516635136.000000,15517266944.000000,15517895680.000000,15518527488.000000,15519159296.000000,15519788032.000000,15520420864.000000,15521051648.000000,15521678336.000000,15522316288.000000,15522939904.000000,15523576832.000000,15524204544.000000,15524833280.000000,15525467136.000000,15526095872.000000,15526726656.000000,15527357440.000000,15527989248.000000,15528617984.000000,15529249792.000000,15529881600.000000,15530511360.000000,15531141120.000000,15531772928.000000,15532402688.000000,15533032448.000000,15533663232.000000,15534296064.000000,15534926848.000000,15535557632.000000,15536186368.000000,15536820224.000000,15537449984.000000,15538080768.000000,15538711552.000000,15539341312.000000,15539973120.000000,15540604928.000000,15541233664.000000,15541866496.000000,15542494208.000000,15543127040.000000,15543756800.000000,15544387584.000000,15545017344.000000,15545649152.000000,15546279936.000000,15546910720.000000,15547541504.000000,15548170240.000000,15548802048.000000,15549432832.000000,15550063616.000000,15550695424.000000,15551326208.000000,15551956992.000000,15552585728.000000,15553217536.000000,15553847296.000000,15554480128.000000,15555108864.000000,15555740672.000000,15556371456.000000,15557001216.000000,15557633024.000000,15558263808.000000,15558893568.000000,15559524352.000000,15560155136.000000,15560785920.000000,15561414656.000000,15562051584.000000,15562677248.000000
15884186624.000000,15884832768.000000,15885475840.000000,15886123008.000000,15886770176.000000,15887417344.000000,15888064512.000000,15888713728.000000,15889358848.000000,15890006016.000000,15890653184.000000,15891300352.000000,15891947520.000000,15892593664.000000,15893240832.000000,15893886976.000000,15894536192.000000,15895183360.000000,15895831552.000000,15896476672.000000,15897122816.000000,15897772032.000000,15898417152.000000,15899064320.000000,15899713536.000000,15900358656.000000,15901005824.000000,15901652992.000000,15902301184.000000,15902948352.000000,15903594496.000000,15904241664.000000,15904886784.000000,15905532928.000000,15906184192.000000,15906829312.000000,15907477504.000000,15908123648.000000,15908770816.000000,15909419008.000000,15910064128.000000,15910711296.000000,15911358464.000000,15912007680.000000,15912653824.000000,15913300992.000000,15913948160.000000,15914595328.000000,15915244544.000000,15915890688.000000,15916535808.000000,15917181952.000000,15917830144.000000,15918477312.000000,15919124480.000000,15919770624.000000,15920418816.000000,15921064960.000000,15921713152.000000,15922360320.000000,15923008512.000000,15923654656.000000,15924298752.000000,15924946944.000000,15925593088.000000,15926243328.000000,15926890496.000000,15927539712.000000,15928185856.000000,15928832000.000000,15929478144.000000,15930125312.000000,15930774528.000000,15931419648.000000,15932066816.000000,15932715008.000000,15933361152.000000,15934009344.000000,15934655488.000000,15935302656.000000,15935947776.000000,15936595968.000000,15937244160.000000,15937891328.000000,15938539520.000000,15939185664.000000,15939831808.000000,15940480000.000000,15941127168.000000,15941774336.000000,15942419456.000000,15943068672.000000,15943716864.000000,15944361984.000000,15945010176.000000,15945654272.000000,15946303488.000000,15946950656.000000,15947597824.000000,15948244992.000000,15948893184.000000,15949539328.000000,15950186496.000000,15950833664.000000,15951478784.000000,15952126976.000000,15952774144.000000,15953421312.000000,15954069504.000000,15954715648.000000,15955362816.000000,15956008960.000000,15956657152.000000,15957303296.000000,15957952512.000000,15958598656.000000,15959245824.000000,15959891968.000000,15960539136.000000,15961187328.000000,15961835520.000000,15962480640.000000,15963129856.000000,15963774976.000000,15964422144.000000,15965071360.000000,15965720576.000000,15966367744.000000
16285791232.000000,16286447616.000000,16287112192.000000,16287777792.000000,16288440320.000000,16289103872.000000,16289767424.000000,16290430976.000000,16291094528.000000,16291758080.000000,16292420608.000000,16293085184.000000,16293748736.000000,16294412288.000000,16295074816.000000,16295738368.000000,16296401920.000000,16297065472.000000,16297729024.000000,16298391552.000000,16299055104.000000,16299718656.000000,16300382208.000000,16301045760.000000,16301711360.000000,16302374912.000000,16303036416.000000,16303699968.000000,16304364544.000000,16305027072.000000,16305690624.000000,16306353152.000000,16307015680.000000,16307678208.000000,16308345856.000000,16309006336.000000,16309671936.000000,16310334464.000000,16310998016.000000,16311662592.000000,16312324096.000000,16312988672.000000,16313651200.000000,16314313728.000000,16314979328.000000,16315642880.000000,16316306432.000000,16316969984.000000,16317635584.000000,16318297088.000000,16318959616.000000,16319625216.000000,16320286720.000000,16320950272.000000,16321613824.000000,16322277376.000000,16322940928.000000,16323605504.000000,16324267008.000000,16324932608.000000,16325596160.000000,16326259712.000000,16326919168.000000,16327589888.000000,16328246272.000000,16328914944.000000,16329576448.000000,16330238976.000000,16330904576.000000,16331567104.000000,16332229632.000000,16332893184.000000,16333557760.000000,16334219264.000000,16334883840.000000,16335548416.000000,16336210944.000000,16336873472.000000,16337538048.000000,16338200576.000000,16338863104.000000,16339527680.000000,16340192256.000000,16340854784.000000,16341518336.000000,16342181888.000000,16342847488.000000,16343510016.000000,16344173568.000000,16344837120.000000,16345499648.000000,16346164224.000000,16346826752.000000,16347490304.000000,16348155904.000000,16348816384.000000,16349480960.000000,16350144512.000000,16350808064.000000,16351471616.000000,16352136192.000000,16352798720.000000,16353462272.000000,16354124800.000000,16354787328.000000,16355452928.000000,16356115456.000000,16356780032.000000,16357443584.000000,16358106112.000000,16358770688.000000,16359433216.000000,16360096768.000000,16360759296.000000,16361424896.000000,16362086400.000000,16362750976.000000,16363414528.000000,16364077056.000000,16364740608.000000,16365405184.000000,16366067712.000000,16366733312.000000,16367394816.000000,16368060416.000000,16368719872.000000,16369387520.000000,16370048000.000000
16687395840.000000,16688074752.000000,16688750592.000000,16689430528.000000,16690110464.000000,16690791424.000000,16691470336.000000,16692150272.000000,16692830208.000000,16693509120.000000,16694190080.000000,16694868992.000000,16695549952.000000,16696228864.000000,16696908800.000000,16697588736.000000,16698268672.000000,16698949632.000000,16699630592.000000,16700307456.000000,16700987392.000000,16701669376.000000,16702347264.000000,16703027200.000000,16703709184.000000,16704387072.000000,16705067008.000000,16705746944.000000,16706425856.000000,16707106816.000000,16707786752.000000,16708466688.000000,16709144576.000000,16709823488.000000,16710507520.000000,16711184384.000000,16711866368.000000,16712546304.000000,16713225216.000000,16713905152.000000,16714584064.000000,16715264000.000000,16715944960.000000,16716625920.000000,16717304832.000000,16717984768.000000,16718664704.000000,16719344640.000000,16720026624.000000,16720705536.000000,16721383424.000000,16722063360.000000,16722743296.000000,16723423232.000000,16724103168.000000,16724784128.000000,16725463040.000000,16726142976.000000,16726822912.000000,16727502848.000000,16728183808.000000,16728863744.000000,16729539584.000000,16730220544.000000,16730899456.000000,16731583488.000000,16732262400.000000,16732944384.000000,16733623296.000000,16734301184.000000,16734981120.000000,16735662080.000000,16736342016.000000,16737021952.000000,16737700864.000000,16738380800.000000,16739060736.000000,16739741696.000000,16740420608.000000,16741100544.000000,16741778432.000000,16742459392.000000,16743140352.000000,16743820288.000000,16744499200.000000,16745181184.000000,16745859072.000000,16746541056.000000,16747219968.000000,16747898880.000000,16748577792.000000,16749259776.000000,16749938688.000000,16750619648.000000,16751299584.000000,16751977472.000000,16752658432.000000,16753338368.000000,16754018304.000000,16754698240.000000,16755379200.000000,16756058112.000000,16756738048.000000,16757416960.000000,16758095872.000000,16758777856.000000,16759456768.000000,16760137728.000000,16760817664.000000,16761496576.000000,16762176512.000000,16762856448.000000,16763536384.000000,16764215296.000000,16764897280.000000,16765576192.000000,16766256128.000000,16766936064.000000,16767614976.000000,16768294912.000000,16768975872.000000,16769654784.000000,16770336768.000000,16771014656.000000,16771696640.000000,16772376576.000000,16773056512.000000,16773740544.000000
17089000448.000000,17089689600.000000,17090386944.000000,17091085312.000000,17091780608.000000,17092475904.000000,17093173248.000000,17093869568.000000,17094565888.000000,17095261184.000000,17095957504.000000,17096654848.000000,17097351168.000000,17098046464.000000,17098742784.000000,17099440128.000000,17100135424.000000,17100831744.000000,17101528064.000000,17102225408.000000,17102919680.000000,17103616000.000000,17104312320.000000,17105009664.000000,17105707008.000000,17106402304.000000,17107097600.000000,17107793920.000000,17108489216.000000,17109185536.000000,17109882880.000000,17110579200.000000,17111273472.000000,17111969792.000000,17112668160.000000,17113362432.000000,17114060800.000000,17114757120.000000,17115452416.000000,17116150784.000000,17116844032.000000,17117541376.000000,17118236672.000000,17118934016.000000,17119630336.000000,17120327680.000000,17121022976.000000,17121720320.000000,17122417664.000000,17123111936.000000,17123808256.000000,17124504576.000000,17125200896.000000,17125896192.000000,17126592512.000000,17127288832.000000,17127985152.000000,17128681472.000000,17129376768.000000,17130075136.000000,17130771456.000000,17131467776.000000,17132160000.000000,17132863488.000000,17133552640.000000,17134253056.000000,17134949376.000000,17135642624.000000,17136342016.000000,17137036288.000000,17137732608.000000,17138428928.000000,17139126272.000000,17139822592.000000,17140517888.000000,17141213184.000000,17141910528.000000,17142605824.000000,17143303168.000000,17143998464.000000,17144693760.000000,17145391104.000000,17146088448.000000,17146784768.000000,17147480064.000000,17148176384.000000,17148874752.000000,17149570048.000000,17150266368.000000,17150962688.000000,17151657984.000000,17152355328.000000,17153050624.000000,17153746944.000000,17154445312.000000,17155138560.000000,17155835904.000000,17156532224.000000,17157228544.000000,17157925888.000000,17158622208.000000,17159317504.000000,17160013824.000000,17160709120.000000,17161404416.000000,17162103808.000000,17162798080.000000,17163494400.000000,17164191744.000000,17164888064.000000,17165584384.000000,17166278656.000000,17166976000.000000,17167671296.000000,17168369664.000000,17169063936.000000,17169761280.000000,17170455552.000000,17171154944.000000,17171850240.000000,17172545536.000000,17173241856.000000,17173940224.000000,17174634496.000000,17175330816.000000,17176025088.000000,17176725504.000000,17177418752.000000
17490604032.000000,17491316736.000000,17492025344.000000,17492738048.000000,17493450752.000000,17494163456.000000,17494876160.000000,17495588864.000000,17496301568.000000,17497014272.000000,17497726976.000000,17498439680.000000,17499152384.000000,17499863040.000000,17500575744.000000,17501290496.000000,17502001152.000000,17502715904.000000,17503426560.000000,17504139264.000000,17504851968.000000,17505566720.000000,17506277376.000000,17506990080.000000,17507704832.000000,17508417536.000000,17509128192.000000,17509840896.000000,17510553600.000000,17511268352.000000,17511979008.000000,17512691712.000000,17513402368.000000,17514115072.000000,17514831872.000000,17515542528.000000,17516255232.000000,17516969984.000000,17517680640.000000,17518393344.000000,17519104000.000000,17519818752.000000,17520529408.000000,17521244160.000000,17521956864.000000,17522671616.000000,17523382272.000000,17524094976.000000,17524809728.000000,17525520384.000000,17526233088.000000,17526945792.000000,17527658496.000000,17528369152.000000,17529081856.000000,17529796608.000000,17530507264.000000,17531222016.000000,17531932672.000000,17532645376.000000,17533360128.000000,17534070784.000000,17534781440.000000,17535494144.000000,17536206848.000000,17536923648.000000,17537636352.000000,17538349056.000000,17539061760.000000,17539772416.000000,17540485120.000000,17541199872.000000,17541910528.000000,17542623232.000000,17543335936.000000,17544046592.000000,17544759296.000000,17545474048.000000,17546184704.000000,17546897408.000000,17547608064.000000,17548322816.000000,17549035520.000000,17549748224.000000,17550460928.000000,17551175680.000000,17551886336.000000,17552601088.000000,17553311744.000000,17554024448.000000,17554737152.000000,17555449856.000000,17556162560.000000,17556875264.000000,17557587968.000000,17558298624.000000,17559013376.000000,17559726080.000000,17560438784.000000,17561151488.000000,17561864192.000000,17562576896.000000,17563289600.000000,17564002304.000000,17564712960.000000,17565425664.000000,17566140416.000000,17566853120.000000,17567565824.000000,17568276480.000000,17568989184.000000,17569701888.000000,17570414592.000000,17571127296.000000,17571842048.000000,17572552704.000000,17573265408.000000,17573978112.000000,17574692864.000000,17575401472.000000,17576116224.000000,17576828928.000000,17577543680.000000,17578254336.000000,17578967040.000000,17579681792.000000,17580394496.000000,17581111296.000000
17892208640.000000,17892931584.000000,17893660672.000000,17894393856.000000,17895120896.000000,17895849984.000000,17896579072.000000,17897308160.000000,17898037248.000000,17898766336.000000,17899493376.000000,17900224512.000000,17900953600.000000,17901682688.000000,17902409728.000000,17903140864.000000,17903867904.000000,17904599040.000000,17905326080.000000,17906057216.000000,17906784256.000000,17907513344.000000,17908242432.000000,17908971520.000000,17909702656.000000,17910429696.000000,17911158784.000000,17911885824.000000,17912616960.000000,17913346048.000000,17914075136.000000,17914802176.000000,17915531264.000000,17916260352.000000,17916991488.000000,17917718528.000000,17918449664.000000,17919176704.000000,17919907840.000000,17920636928.000000,17921363968.000000,17922095104.000000,17922822144.000000,17923551232.000000,17924282368.000000,17925009408.000000,17925740544.000000,17926469632.000000,17927200768.000000,17927925760.000000,17928656896.000000,17929383936.000000,17930115072.000000,17930842112.000000,17931571200.000000,17932298240.000000,17933031424.000000,17933758464.000000,17934487552.000000,17935216640.000000,17935947776.000000,17936674816.000000,17937401856.000000,17938135040.000000,17938860032.000000,17939593216.000000,17940322304.000000,17941047296.000000,17941780480.000000,17942507520.000000,17943234560.000000,17943963648.000000,17944694784.000000,17945423872.000000,17946150912.000000,17946880000.000000,17947609088.000000,17948340224.000000,17949069312.000000,17949796352.000000,17950523392.000000,17951256576.000000,17951983616.000000,17952714752.000000,17953439744.000000,17954172928.000000,17954902016.000000,17955631104.000000,17956358144.000000,17957089280.000000,17957816320.000000,17958545408.000000,17959274496.000000,17960003584.000000,17960734720.000000,17961459712.000000,17962190848.000000,17962919936.000000,17963649024.000000,17964378112.000000,17965107200.000000,17965836288.000000,17966567424.000000,17967292416.000000,17968021504.000000,17968752640.000000,17969481728.000000,17970208768.000000,17970937856.000000,17971668992.000000,17972398080.000000,17973127168.000000,17973854208.000000,17974585344.000000,17975314432.000000,17976041472.000000,17976770560.000000,17977499648.000000,17978230784.000000,17978957824.000000,17979686912.000000,17980416000.000000,17981147136.000000,17981874176.000000,17982603264.000000,17983332352.000000,17984063488.000000,17984790528.000000
18293813248.000000,18294558720.000000,18295300096.000000,18296043520.000000,18296791040.000000,18297536512.000000,18298281984.000000,18299025408.000000,18299770880.000000,18300516352.000000,18301263872.000000,18302007296.000000,18302754816.000000,18303498240.000000,18304245760.000000,18304989184.000000,18305736704.000000,18306482176.000000,18307229696.000000,18307973120.000000,18308718592.000000,18309464064.000000,18310207488.000000,18310952960.000000,18311700480.000000,18312443904.000000,18313191424.000000,18313934848.000000,18314680320.000000,18315425792.000000,18316171264.000000,18316916736.000000,18317660160.000000,18318405632.000000,18319153152.000000,18319898624.000000,18320644096.000000,18321389568.000000,18322137088.000000,18322878464.000000,18323623936.000000,18324369408.000000,18325114880.000000,18325862400.000000,18326607872.000000,18327351296.000000,18328098816.000000,18328844288.000000,18329591808.000000,18330333184.000000,18331080704.000000,18331824128.000000,18332571648.000000,18333315072.000000,18334062592.000000,18334808064.000000,18335553536.000000,18336299008.000000,18337044480.000000,18337787904.000000,18338535424.000000,18339280896.000000,18340024320.000000,18340767744.000000,18341513216.000000,18342262784.000000,18343008256.000000,18343753728.000000,18344499200.000000,18345240576.000000,18345988096.000000,18346733568.000000,18347479040.000000,18348222464.000000,18348969984.000000,18349713408.000000,18350458880.000000,18351204352.000000,18351949824.000000,18352697344.000000,18353438720.000000,18354186240.000000,18354931712.000000,18355677184.000000,18356422656.000000,18357168128.000000,18357913600.000000,18358659072.000000,18359404544.000000,18360150016.000000,18360895488.000000,18361643008.000000,18362386432.000000,18363131904.000000,18363877376.000000,18364622848.000000,18365368320.000000,18366115840.000000,18366859264.000000,18367604736.000000,18368350208.000000,18369095680.000000,18369841152.000000,18370586624.000000,18371330048.000000,18372077568.000000,18372820992.000000,18373566464.000000,18374313984.000000,18375059456.000000,18375802880.000000,18376548352.000000,18377293824.000000,18378039296.000000,18378784768.000000,18379530240.000000,18380275712.000000,18381021184.000000,18381766656.000000,18382512128.000000,18383257600.000000,18384003072.000000,18384748544.000000,18385496064.000000,18386239488.000000,18386987008.000000,18387732480.000000,18388484096.000000
18695417856.000000,18696175616.000000,18696935424.000000,18697701376.000000,18698461184.000000,18699223040.000000,18699982848.000000,18700746752.000000,18701506560.000000,18702270464.000000,18703032320.000000,18703794176.000000,18704556032.000000,18705317888.000000,18706077696.000000,18706841600.000000,18707603456.000000,18708365312.000000,18709125120.000000,18709889024.000000,18710650880.000000,18711410688.000000,18712172544.000000,18712932352.000000,18713698304.000000,18714460160.000000,18715219968.000000,18715981824.000000,18716743680.000000,18717503488.000000,18718265344.000000,18719029248.000000,18719789056.000000,18720550912.000000,18721314816.000000,18722074624.000000,18722838528.000000,18723600384.000000,18724362240.000000,18725124096.000000,18725883904.000000,18726645760.000000,18727407616.000000,18728171520.000000,18728933376.000000,18729695232.000000,18730455040.000000,18731220992.000000,18731980800.000000,18732742656.000000,18733502464.000000,18734266368.000000,18735028224.000000,18735788032.000000,18736549888.000000,18737311744.000000,18738075648.000000,18738835456.000000,18739597312.000000,18740359168.000000,18741123072.000000,18741882880.000000,18742644736.000000,18743408640.000000,18744166400.000000,18744930304.000000,18745694208.000000,18746451968.000000,18747217920.000000,18747977728.000000,18748737536.000000,18749501440.000000,18750263296.000000,18751025152.000000,18751784960.000000,18752548864.000000,18753308672.000000,18754070528.000000,18754832384.000000,18755596288.000000,18756354048.000000,18757117952.000000,18757879808.000000,18758641664.000000,18759405568.000000,18760163328.000000,18760929280.000000,18761691136.000000,18762450944.000000,18763212800.000000,18763974656.000000,18764738560.000000,18765498368.000000,18766260224.000000,18767024128.000000,18767783936.000000,18768545792.000000,18769307648.000000,18770069504.000000,18770833408.000000,18771593216.000000,18772355072.000000,18773116928.000000,18773878784.000000,18774638592.000000,18775402496.000000,18776164352.000000,18776926208.000000,18777686016.000000,18778447872.000000,18779211776.000000,18779973632.000000,18780733440.000000,18781495296.000000,18782259200.000000,18783021056.000000,18783780864.000000,18784542720.000000,18785306624.000000,18786070528.000000,18786826240.000000,18787590144.000000,18788354048.000000,18789113856.000000,18789873664.000000,18790635520.000000,18791401472.000000,18792161280.000000
19097022464.000000,19097800704.000000,19098574848.000000,19099353088.000000,19100131328.000000,19100909568.000000,19101687808.000000,19102466048.000000,19103244288.000000,19104022528.000000,19104802816.000000,19105581056.000000,19106357248.000000,19107135488.000000,19107913728.000000,19108694016.000000,19109472256.000000,19110250496.000000,19111028736.000000,19111804928.000000,19112583168.000000,19113361408.000000,19114137600.000000,19114917888.000000,19115696128.000000,19116474368.000000,19117252608.000000,19118026752.000000,19118804992.000000,19119587328.000000,19120361472.000000,19121139712.000000,19121917952.000000,19122696192.000000,19123476480.000000,19124254720.000000,19125032960.000000,19125813248.000000,19126591488.000000,19127365632.000000,19128143872.000000,19128922112.000000,19129700352.000000,19130480640.000000,19131256832.000000,19132035072.000000,19132813312.000000,19133593600.000000,19134371840.000000,19135148032.000000,19135926272.000000,19136706560.000000,19137484800.000000,19138260992.000000,19139039232.000000,19139819520.000000,19140597760.000000,19141376000.000000,19142154240.000000,19142932480.000000,19143710720.000000,19144488960.000000,19145265152.000000,19146041344.000000,19146819584.000000,19147601920.000000,19148380160.000000,19149156352.000000,19149936640.000000,19150712832.000000,19151491072.000000,19152271360.000000,19153047552.000000,19153825792.000000,19154604032.000000,19155382272.000000,19156158464.000000,19156936704.000000,19157714944.000000,19158493184.000000,19159269376.000000,19160049664.000000,19160827904.000000,19161606144.000000,19162386432.000000,19163162624.000000,19163940864.000000,19164719104.000000,19165497344.000000,19166277632.000000,19167053824.000000,19167832064.000000,19168610304.000000,19169388544.000000,19170166784.000000,19170942976.000000,19171723264.000000,19172501504.000000,19173279744.000000,19174057984.000000,19174836224.000000,19175614464.000000,19176392704.000000,19177170944.000000,19177947136.000000,19178727424.000000,19179505664.000000,19180283904.000000,19181062144.000000,19181836288.000000,19182616576.000000,19183392768.000000,19184173056.000000,19184949248.000000,19185729536.000000,19186505728.000000,19187286016.000000,19188062208.000000,19188842496.000000,19189616640.000000,19190396928.000000,19191175168.000000,19191955456.000000,19192733696.000000,19193509888.000000,19194290176.000000,19195068416.000000,19195852800.000000
19498627072.000000,19499415552.000000,19500208128.000000,19501010944.000000,19501801472.000000,19502596096.000000,19503388672.000000,19504187392.000000,19504979968.000000,19505774592.000000,19506567168.000000,19507365888.000000,19508158464.000000,19508951040.000000,19509745664.000000,19510540288.000000,19511336960.000000,19512131584.000000,19512924160.000000,19513720832.000000,19514513408.000000,19515308032.000000,19516102656.000000,19516895232.000000,19517691904.000000,19518486528.000000,19519281152.000000,19520073728.000000,19520870400.000000,19521667072.000000,19522457600.000000,19523252224.000000,19524046848.000000,19524841472.000000,19525638144.000000,19526428672.000000,19527227392.000000,19528022016.000000,19528816640.000000,19529609216.000000,19530403840.000000,19531200512.000000,19531993088.000000,19532785664.000000,19533582336.000000,19534379008.000000,19535171584.000000,19535968256.000000,19536762880.000000,19537557504.000000,19538350080.000000,19539144704.000000,19539941376.000000,19540733952.000000,19541528576.000000,19542323200.000000,19543119872.000000,19543912448.000000,19544707072.000000,19545501696.000000,19546298368.000000,19547088896.000000,19547885568.000000,19548682240.000000,19549472768.000000,19550267392.000000,19551066112.000000,19551856640.000000,19552653312.000000,19553447936.000000,19554240512.000000,19555037184.000000,19555831808.000000,19556626432.000000,19557419008.000000,19558213632.000000,19559008256.000000,19559802880.000000,19560597504.000000,19561394176.000000,19562184704.000000,19562981376.000000,19563776000.000000,19564570624.000000,19565367296.000000,19566157824.000000,19566956544.000000,19567751168.000000,19568543744.000000,19569340416.000000,19570132992.000000,19570925568.000000,19571722240.000000,19572518912.000000,19573311488.000000,19574104064.000000,19574900736.000000,19575697408.000000,19576489984.000000,19577286656.000000,19578079232.000000,19578875904.000000,19579668480.000000,19580463104.000000,19581255680.000000,19582052352.000000,19582846976.000000,19583639552.000000,19584434176.000000,19585230848.000000,19586025472.000000,19586818048.000000,19587612672.000000,19588409344.000000,19589201920.000000,19589996544.000000,19590791168.000000,19591589888.000000,19592382464.000000,19593175040.000000,19593965568.000000,19594768384.000000,19595560960.000000,19596353536.000000,19597146112.000000,19597946880.000000,19598741504.000000,19599532032.000000
19900231680.000000,19901038592.000000,19901849600.000000,19902658560.000000,19903471616.000000,19904280576.000000,19905093632.000000,19905902592.000000,19906715648.000000,19907524608.000000,19908339712.000000,19909146624.000000,19909961728.000000,19910768640.000000,19911581696.000000,19912390656.000000,19913203712.000000,19914012672.000000,19914827776.000000,19915634688.000000,19916445696.000000,19917256704.000000,19918067712.000000,19918878720.000000,19919689728.000000,19920500736.000000,19921313792.000000,19922122752.000000,19922931712.000000,19923744768.000000,19924555776.000000,19925364736.000000,19926173696.000000,19926986752.000000,19927797760.000000,19928610816.000000,19929421824.000000,19930232832.000000,19931043840.000000,19931854848.000000,19932663808.000000,19933476864.000000,19934285824.000000,19935098880.000000,19935909888.000000,19936718848.000000,19937531904.000000,19938340864.000000,19939155968.000000,19939962880.000000,19940773888.000000,19941584896.000000,19942397952.000000,19943206912.000000,19944017920.000000,19944828928.000000,19945641984.000000,19946452992.000000,19947264000.000000,19948075008.000000,19948888064.000000,19949697024.000000,19950508032.000000,19951314944.000000,19952128000.000000,19952941056.000000,19953754112.000000,19954563072.000000,19955369984.000000,19956183040.000000,19956992000.000000,19957803008.000000,19958616064.000000,19959425024.000000,19960238080.000000,19961047040.000000,19961858048.000000,19962671104.000000,19963480064.000000,19964293120.000000,19965100032.000000,19965915136.000000,19966724096.000000,19967537152.000000,19968346112.000000,19969157120.000000,19969968128.000000,19970779136.000000,19971590144.000000,19972401152.000000,19973212160.000000,19974025216.000000,19974834176.000000,19975643136.000000,19976458240.000000,19977265152.000000,19978078208.000000,19978889216.000000,19979700224.000000,19980511232.000000,19981324288.000000,19982133248.000000,19982944256.000000,19983753216.000000,19984564224.000000,19985377280.000000,19986188288.000000,19986997248.000000,19987810304.000000,19988619264.000000,19989430272.000000,19990243328.000000,19991052288.000000,19991865344.000000,19992674304.000000,19993485312.000000,19994296320.000000,19995109376.000000,19995918336.000000,19996729344.000000,19997536256.000000,19998351360.000000,19999160320.000000,19999975424.000000,20000782336.000000,20001597440.000000,20002406400.000000,20003225600.000000
20301838336.000000,20302661632.000000,20303482880.000000,20304316416.000000,20305141760.000000,20305971200.000000,20306794496.000000,20307623936.000000,20308453376.000000,20309278720.000000,20310104064.000000,20310933504.000000,20311762944.000000,20312586240.000000,20313413632.000000,20314243072.000000,20315070464.000000,20315897856.000000,20316723200.000000,20317552640.000000,20318377984.000000,20319205376.000000,20320032768.000000,20320862208.000000,20321687552.000000,20322512896.000000,20323342336.000000,20324171776.000000,20324997120.000000,20325824512.000000,20326651904.000000,20327479296.000000,20328302592.000000,20329132032.000000,20329961472.000000,20330788864.000000,20331616256.000000,20332443648.000000,20333271040.000000,20334098432.000000,20334923776.000000,20335751168.000000,20336580608.000000,20337405952.000000,20338235392.000000,20339062784.000000,20339888128.000000,20340717568.000000,20341547008.000000,20342370304.000000,20343197696.000000,20344025088.000000,20344854528.000000,20345679872.000000,20346507264.000000,20347334656.000000,20348164096.000000,20348987392.000000,20349816832.000000,20350644224.000000,20351475712.000000,20352296960.000000,20353126400.000000,20353955840.000000,20354781184.000000,20355606528.000000,20356438016.000000,20357261312.000000,20358088704.000000,20358918144.000000,20359743488.000000,20360572928.000000,20361400320.000000,20362227712.000000,20363053056.000000,20363880448.000000,20364707840.000000,20365535232.000000,20366362624.000000,20367192064.000000,20368015360.000000,20368844800.000000,20369674240.000000,20370499584.000000,20371324928.000000,20372156416.000000,20372983808.000000,20373809152.000000,20374636544.000000,20375461888.000000,20376293376.000000,20377120768.000000,20377948160.000000,20378773504.000000,20379600896.000000,20380428288.000000,20381255680.000000,20382083072.000000,20382910464.000000,20383739904.000000,20384567296.000000,20385392640.000000,20386217984.000000,20387049472.000000,20387872768.000000,20388700160.000000,20389527552.000000,20390356992.000000,20391182336.000000,20392009728.000000,20392839168.000000,20393668608.000000,20394491904.000000,20395317248.000000,20396146688.000000,20396976128.000000,20397801472.000000,20398628864.000000,20399458304.000000,20400287744.000000,20401106944.000000,20401938432.000000,20402767872.000000,20403597312.000000,20404418560.000000,20405245952.000000,20406077440.000000,20406902784.000000
20703442944.000000,20704286720.000000,20705124352.000000,20705968128.000000,20706811904.000000,20707657728.000000,20708501504.000000,20709345280.000000,20710189056.000000,20711032832.000000,20711876608.000000,20712722432.000000,20713564160.000000,20714407936.000000,20715251712.000000,20716093440.000000,20716937216.000000,20717780992.000000,20718626816.000000,20719466496.000000,20720310272.000000,20721156096.000000,20721997824.000000,20722843648.000000,20723685376.000000,20724529152.000000,20725372928.000000,20726216704.000000,20727058432.000000,20727904256.000000,20728745984.000000,20729591808.000000,20730433536.000000,20731277312.000000,20732123136.000000,20732966912.000000,20733810688.000000,20734656512.000000,20735498240.000000,20736342016.000000,20737183744.000000,20738029568.000000,20738871296.000000,20739717120.000000,20740562944.000000,20741404672.000000,20742248448.000000,20743092224.000000,20743938048.000000,20744777728.000000,20745623552.000000,20746465280.000000,20747309056.000000,20748152832.000000,20748996608.000000,20749840384.000000,20750686208.000000,20751529984.000000,20752373760.000000,20753217536.000000,20754063360.000000,20754905088.000000,20755748864.000000,20756588544.000000,20757434368.000000,20758282240.000000,20759126016.000000,20759965696.000000,20760807424.000000,20761653248.000000,20762497024.000000,20763338752.000000,20764184576.000000,20765028352.000000,20765872128.000000,20766715904.000000,20767557632.000000,20768403456.000000,20769245184.000000,20770091008.000000,20770930688.000000,20771776512.000000,20772620288.000000,20773466112.000000,20774307840.000000,20775149568.000000,20775993344.000000,20776839168.000000,20777682944.000000,20778526720.000000,20779370496.000000,20780214272.000000,20781058048.000000,20781901824.000000,20782745600.000000,20783589376.000000,20784433152.000000,20785276928.000000,20786120704.000000,20786966528.000000,20787808256.000000,20788652032.000000,20789495808.000000,20790339584.000000,20791183360.000000,20792027136.000000,20792870912.000000,20793712640.000000,20794558464.000000,20795400192.000000,20796243968.000000,20797087744.000000,20797931520.000000,20798777344.000000,20799619072.000000,20800462848.000000,20801306624.000000,20802148352.000000,20802992128.000000,20803837952.000000,20804677632.000000,20805521408.000000,20806367232.000000,20807211008.000000,20808052736.000000,20808898560.000000,20809742336.000000,20810592256.000000
21105047552.000000,21105899520.000000,21106755584.000000,21107628032.000000,21108482048.000000,21109342208.000000,21110200320.000000,21111064576.000000,21111924736.000000,21112782848.000000,21113640960.000000,21114503168.000000,21115365376.000000,21116221440.000000,21117081600.000000,21117941760.000000,21118803968.000000,21119664128.000000,21120522240.000000,21121382400.000000,21122244608.000000,21123104768.000000,21123962880.000000,21124820992.000000,21125685248.000000,21126543360.000000,21127403520.000000,21128261632.000000,21129123840.000000,21129984000.000000,21130842112.000000,21131702272.000000,21132562432.000000,21133422592.000000,21134284800.000000,21135144960.000000,21136003072.000000,21136863232.000000,21137725440.000000,21138585600.000000,21139443712.000000,21140305920.000000,21141166080.000000,21142024192.000000,21142888448.000000,21143746560.000000,21144604672.000000,21145466880.000000,21146329088.000000,21147187200.000000,21148047360.000000,21148905472.000000,21149765632.000000,21150625792.000000,21151485952.000000,21152348160.000000,21153208320.000000,21154068480.000000,21154928640.000000,21155786752.000000,21156651008.000000,21157502976.000000,21158369280.000000,21159229440.000000,21160087552.000000,21160945664.000000,21161811968.000000,21162665984.000000,21163526144.000000,21164388352.000000,21165246464.000000,21166108672.000000,21166968832.000000,21167828992.000000,21168687104.000000,21169545216.000000,21170407424.000000,21171269632.000000,21172127744.000000,21172987904.000000,21173846016.000000,21174708224.000000,21175568384.000000,21176430592.000000,21177286656.000000,21178148864.000000,21179011072.000000,21179871232.000000,21180729344.000000,21181591552.000000,21182451712.000000,21183309824.000000,21184169984.000000,21185032192.000000,21185890304.000000,21186750464.000000,21187610624.000000,21188472832.000000,21189330944.000000,21190191104.000000,21191051264.000000,21191911424.000000,21192771584.000000,21193631744.000000,21194491904.000000,21195352064.000000,21196210176.000000,21197070336.000000,21197930496.000000,21198794752.000000,21199650816.000000,21200510976.000000,21201371136.000000,21202233344.000000,21203091456.000000,21203949568.000000,21204811776.000000,21205676032.000000,21206534144.000000,21207392256.000000,21208248320.000000,21209116672.000000,21209974784.000000,21210832896.000000,21211688960.000000,21212557312.000000,21213415424.000000,21214273536.000000
21506652160.000000,21507522560.000000,21508399104.000000,21509269504.000000,21510152192.000000,21511026688.000000,21511907328.000000,21512779776.000000,21513660416.000000,21514532864.000000,21515413504.000000,21516285952.000000,21517166592.000000,21518039040.000000,21518917632.000000,21519792128.000000,21520670720.000000,21521547264.000000,21522425856.000000,21523298304.000000,21524174848.000000,21525053440.000000,21525927936.000000,21526806528.000000,21527683072.000000,21528557568.000000,21529436160.000000,21530310656.000000,21531185152.000000,21532063744.000000,21532940288.000000,21533816832.000000,21534691328.000000,21535567872.000000,21536444416.000000,21537323008.000000,21538197504.000000,21539076096.000000,21539952640.000000,21540829184.000000,21541703680.000000,21542584320.000000,21543456768.000000,21544335360.000000,21545211904.000000,21546086400.000000,21546964992.000000,21547839488.000000,21548720128.000000,21549594624.000000,21550471168.000000,21551347712.000000,21552224256.000000,21553098752.000000,21553975296.000000,21554851840.000000,21555730432.000000,21556604928.000000,21557483520.000000,21558358016.000000,21559238656.000000,21560115200.000000,21560989696.000000,21561862144.000000,21562740736.000000,21563619328.000000,21564497920.000000,21565370368.000000,21566244864.000000,21567121408.000000,21568000000.000000,21568872448.000000,21569753088.000000,21570627584.000000,21571506176.000000,21572380672.000000,21573257216.000000,21574135808.000000,21575010304.000000,21575888896.000000,21576761344.000000,21577639936.000000,21578516480.000000,21579393024.000000,21580269568.000000,21581146112.000000,21582022656.000000,21582899200.000000,21583775744.000000,21584652288.000000,21585528832.000000,21586407424.000000,21587281920.000000,21588156416.000000,21589035008.000000,21589911552.000000,21590788096.000000,21591666688.000000,21592541184.000000,21593419776.000000,21594294272.000000,21595170816.000000,21596047360.000000,21596921856.000000,21597798400.000000,21598676992.000000,21599553536.000000,21600428032.000000,21601306624.000000,21602181120.000000,21603059712.000000,21603934208.000000,21604810752.000000,21605687296.000000,21606563840.000000,21607440384.000000,21608316928.000000,21609195520.000000,21610070016.000000,21610946560.000000,21611819008.000000,21612699648.000000,21613572096.000000,21614454784.000000,21615325184.000000,21616207872.000000,21617080320.000000,21617967104.000000
21908256768.000000,21909147648.000000,21910030336.000000,21910931456.000000,21911824384.000000,21912715264.000000,21913606144.000000,21914501120.000000,21915398144.000000,21916284928.000000,21917177856.000000,21918072832.000000,21918965760.000000,21919856640.000000,21920749568.000000,21921646592.000000,21922537472.000000,21923428352.000000,21924323328.000000,21925216256.000000,21926109184.000000,21927000064.000000,21927892992.000000,21928785920.000000,21929680896.000000,21930573824.000000,21931464704.000000,21932357632.000000,21933250560.000000,21934143488.000000,21935036416.000000,21935929344.000000,21936820224.000000,21937713152.000000,21938606080.000000,21939501056.000000,21940391936.000000,21941286912.000000,21942179840.000000,21943072768.000000,21943963648.000000,21944856576.000000,21945751552.000000,21946646528.000000,21947537408.000000,21948430336.000000,21949321216.000000,21950218240.000000,21951111168.000000,21952000000.000000,21952894976.000000,21953787904.000000,21954680832.000000,21955571712.000000,21956464640.000000,21957359616.000000,21958252544.000000,21959143424.000000,21960038400.000000,21960929280.000000,21961826304.000000,21962711040.000000,21963610112.000000,21964503040.000000,21965393920.000000,21966282752.000000,21967181824.000000,21968072704.000000,21968963584.000000,21969856512.000000,21970749440.000000,21971644416.000000,21972537344.000000,21973430272.000000,21974321152.000000,21975214080.000000,21976107008.000000,21976999936.000000,21977892864.000000,21978787840.000000,21979676672.000000,21980573696.000000,21981464576.000000,21982357504.000000,21983248384.000000,21984145408.000000,21985038336.000000,21985931264.000000,21986822144.000000,21987715072.000000,21988608000.000000,21989502976.000000,21990393856.000000,21991286784.000000,21992179712.000000,21993072640.000000,21993965568.000000,21994858496.000000,21995751424.000000,21996646400.000000,21997537280.000000,21998430208.000000,21999321088.000000,22000216064.000000,22001106944.000000,22001999872.000000,22002894848.000000,22003787776.000000,22004682752.000000,22005573632.000000,22006464512.000000,22007359488.000000,22008250368.000000,22009143296.000000,22010036224.000000,22010931200.000000,22011822080.000000,22012712960.000000,22013609984.000000,22014504960.000000,22015389696.000000,22016286720.000000,22017181696.000000,22018076672.000000,22018961408.000000,22019858432.000000,22020753408.000000,22021648384.000000
22309861376.000000,22310770688.000000,22311673856.000000,22312583168.000000,22313494528.000000,22314403840.000000,22315313152.000000,22316222464.000000,22317133824.000000,22318043136.000000,22318950400.000000,22319861760.000000,22320766976.000000,22321676288.000000,22322587648.000000,22323492864.000000,22324404224.000000,22325313536.000000,22326224896.000000,22327130112.000000,22328039424.000000,22328948736.000000,22329858048.000000,22330767360.000000,22331678720.000000,22332585984.000000,22333497344.000000,22334402560.000000,22335311872.000000,22336221184.000000,22337130496.000000,22338043904.000000,22338949120.000000,22339858432.000000,22340767744.000000,22341679104.000000,22342586368.000000,22343499776.000000,22344407040.000000,22345316352.000000,22346223616.000000,22347134976.000000,22348042240.000000,22348953600.000000,22349862912.000000,22350772224.000000,22351681536.000000,22352590848.000000,22353502208.000000,22354409472.000000,22355318784.000000,22356226048.000000,22357137408.000000,22358046720.000000,22358953984.000000,22359865344.000000,22360774656.000000,22361683968.000000,22362593280.000000,22363502592.000000,22364413952.000000,22365323264.000000,22366230528.000000,22367137792.000000,22368047104.000000,22368960512.000000,22369869824.000000,22370775040.000000,22371682304.000000,22372591616.000000,22373502976.000000,22374410240.000000,22375321600.000000,22376230912.000000,22377140224.000000,22378049536.000000,22378956800.000000,22379866112.000000,22380775424.000000,22381684736.000000,22382592000.000000,22383503360.000000,22384412672.000000,22385324032.000000,22386231296.000000,22387140608.000000,22388049920.000000,22388959232.000000,22389868544.000000,22390777856.000000,22391685120.000000,22392594432.000000,22393505792.000000,22394417152.000000,22395324416.000000,22396233728.000000,22397143040.000000,22398054400.000000,22398961664.000000,22399873024.000000,22400780288.000000,22401687552.000000,22402598912.000000,22403508224.000000,22404417536.000000,22405326848.000000,22406236160.000000,22407145472.000000,22408054784.000000,22408964096.000000,22409873408.000000,22410780672.000000,22411689984.000000,22412601344.000000,22413508608.000000,22414417920.000000,22415327232.000000,22416236544.000000,22417147904.000000,22418053120.000000,22418960384.000000,22419869696.000000,22420781056.000000,22421688320.000000,22422597632.000000,22423506944.000000,22424418304.000000,22425331712.000000
22711465984.000000,22712383488.000000,22713303040.000000,22714243072.000000,22715164672.000000,22716088320.000000,22717011968.000000,22717937664.000000,22718869504.000000,22719791104.000000,22720714752.000000,22721640448.000000,22722570240.000000,22723493888.000000,22724419584.000000,22725343232.000000,22726270976.000000,22727198720.000000,22728122368.000000,22729048064.000000,22729971712.000000,22730899456.000000,22731823104.000000,22732746752.000000,22733676544.000000,22734600192.000000,22735525888.000000,22736449536.000000,22737377280.000000,22738302976.000000,22739226624.000000,22740152320.000000,22741078016.000000,22742005760.000000,22742931456.000000,22743855104.000000,22744780800.000000,22745706496.000000,22746634240.000000,22747557888.000000,22748483584.000000,22749411328.000000,22750341120.000000,22751258624.000000,22752190464.000000,22753112064.000000,22754037760.000000,22754965504.000000,22755893248.000000,22756816896.000000,22757742592.000000,22758666240.000000,22759593984.000000,22760517632.000000,22761443328.000000,22762371072.000000,22763294720.000000,22764222464.000000,22765148160.000000,22766071808.000000,22766999552.000000,22767919104.000000,22768852992.000000,22769774592.000000,22770700288.000000,22771623936.000000,22772555776.000000,22773477376.000000,22774401024.000000,22775328768.000000,22776252416.000000,22777178112.000000,22778105856.000000,22779031552.000000,22779955200.000000,22780878848.000000,22781806592.000000,22782734336.000000,22783657984.000000,22784585728.000000,22785507328.000000,22786435072.000000,22787360768.000000,22788288512.000000,22789210112.000000,22790135808.000000,22791065600.000000,22791993344.000000,22792914944.000000,22793842688.000000,22794766336.000000,22795689984.000000,22796617728.000000,22797543424.000000,22798469120.000000,22799392768.000000,22800320512.000000,22801248256.000000,22802171904.000000,22803095552.000000,22804025344.000000,22804951040.000000,22805874688.000000,22806800384.000000,22807726080.000000,22808653824.000000,22809577472.000000,22810501120.000000,22811426816.000000,22812354560.000000,22813280256.000000,22814203904.000000,22815131648.000000,22816057344.000000,22816978944.000000,22817906688.000000,22818832384.000000,22819762176.000000,22820685824.000000,22821607424.000000,22822531072.000000,22823464960.000000,22824388608.000000,22825312256.000000,22826231808.000000,22827167744.000000,22828091392.000000,22829015040.000000
23113070592.000000,23114004480.000000,23114948608.000000,23115884544.000000,23116834816.000000,23117772800.000000,23118721024.000000,23119656960.000000,23120605184.000000,23121541120.000000,23122487296.000000,23123425280.000000,23124371456.000000,23125309440.000000,23126253568.000000,23127195648.000000,23128137728.000000,23129079808.000000,23130019840.000000,23130963968.000000,23131904000.000000,23132846080.000000,23133788160.000000,23134732288.000000,23135674368.000000,23136614400.000000,23137558528.000000,23138498560.000000,23139438592.000000,23140382720.000000,23141324800.000000,23142268928.000000,23143206912.000000,23144148992.000000,23145091072.000000,23146035200.000000,23146975232.000000,23147919360.000000,23148861440.000000,23149803520.000000,23150743552.000000,23151689728.000000,23152629760.000000,23153571840.000000,23154515968.000000,23155453952.000000,23156400128.000000,23157338112.000000,23158284288.000000,23159222272.000000,23160166400.000000,23161108480.000000,23162050560.000000,23162990592.000000,23163934720.000000,23164876800.000000,23165816832.000000,23166758912.000000,23167703040.000000,23168643072.000000,23169587200.000000,23170531328.000000,23171473408.000000,23172411392.000000,23173353472.000000,23174299648.000000,23175241728.000000,23176177664.000000,23177119744.000000,23178059776.000000,23179005952.000000,23179943936.000000,23180890112.000000,23181830144.000000,23182774272.000000,23183714304.000000,23184656384.000000,23185600512.000000,23186538496.000000,23187484672.000000,23188422656.000000,23189366784.000000,23190308864.000000,23191252992.000000,23192193024.000000,23193137152.000000,23194075136.000000,23195019264.000000,23195961344.000000,23196903424.000000,23197845504.000000,23198789632.000000,23199729664.000000,23200671744.000000,23201613824.000000,23202553856.000000,23203497984.000000,23204442112.000000,23205382144.000000,23206324224.000000,23207266304.000000,23208208384.000000,23209150464.000000,23210090496.000000,23211034624.000000,23211974656.000000,23212918784.000000,23213858816.000000,23214802944.000000,23215742976.000000,23216687104.000000,23217629184.000000,23218571264.000000,23219511296.000000,23220453376.000000,23221393408.000000,23222337536.000000,23223279616.000000,23224221696.000000,23225163776.000000,23226101760.000000,23227047936.000000,23227985920.000000,23228934144.000000,23229868032.000000,23230818304.000000,23231754240.000000,23232708608.000000
23514675200.000000,23515633664.000000,23516577792.000000,23517546496.000000,23518504960.000000,23519459328.000000,23520417792.000000,23521378304.000000,23522340864.000000,23523293184.000000,23524251648.000000,23525214208.000000,23526172672.000000,23527127040.000000,23528087552.000000,23529046016.000000,23530004480.000000,23530962944.000000,23531921408.000000,23532879872.000000,23533836288.000000,23534796800.000000,23535753216.000000,23536711680.000000,23537672192.000000,23538626560.000000,23539587072.000000,23540545536.000000,23541504000.000000,23542462464.000000,23543420928.000000,23544379392.000000,23545335808.000000,23546294272.000000,23547254784.000000,23548213248.000000,23549169664.000000,23550130176.000000,23551088640.000000,23552047104.000000,23553003520.000000,23553964032.000000,23554926592.000000,23555880960.000000,23556841472.000000,23557795840.000000,23558754304.000000,23559714816.000000,23560675328.000000,23561629696.000000,23562590208.000000,23563546624.000000,23564507136.000000,23565463552.000000,23566422016.000000,23567382528.000000,23568338944.000000,23569297408.000000,23570257920.000000,23571214336.000000,23572174848.000000,23573127168.000000,23574093824.000000,23575048192.000000,23576006656.000000,23576961024.000000,23577925632.000000,23578882048.000000,23579838464.000000,23580798976.000000,23581755392.000000,23582715904.000000,23583674368.000000,23584632832.000000,23585591296.000000,23586547712.000000,23587506176.000000,23588464640.000000,23589423104.000000,23590385664.000000,23591337984.000000,23592298496.000000,23593256960.000000,23594215424.000000,23595171840.000000,23596134400.000000,23597092864.000000,23598051328.000000,23599007744.000000,23599968256.000000,23600924672.000000,23601883136.000000,23602841600.000000,23603800064.000000,23604758528.000000,23605716992.000000,23606675456.000000,23607633920.000000,23608592384.000000,23609552896.000000,23610511360.000000,23611467776.000000,23612428288.000000,23613384704.000000,23614343168.000000,23615299584.000000,23616260096.000000,23617218560.000000,23618174976.000000,23619135488.000000,23620093952.000000,23621050368.000000,23622010880.000000,23622967296.000000,23623923712.000000,23624886272.000000,23625842688.000000,23626799104.000000,23627761664.000000,23628722176.000000,23629672448.000000,23630632960.000000,23631595520.000000,23632556032.000000,23633504256.000000,23634466816.000000,23635429376.000000,23636389888.000000
23916279808.000000,23917254656.000000,23918223360.000000,23919200256.000000,23920177152.000000,23921154048.000000,23922126848.000000,23923101696.000000,23924076544.000000,23925049344.000000,23926022144.000000,23926996992.000000,23927973888.000000,23928946688.000000,23929923584.000000,23930894336.000000,23931871232.000000,23932846080.000000,23933818880.000000,23934793728.000000,23935770624.000000,23936745472.000000,23937720320.000000,23938695168.000000,23939670016.000000,23940644864.000000,23941617664.000000,23942592512.000000,23943565312.000000,23944542208.000000,23945515008.000000,23946491904.000000,23947462656.000000,23948439552.000000,23949414400.000000,23950391296.000000,23951364096.000000,23952343040.000000,23953315840.000000,23954290688.000000,23955263488.000000,23956240384.000000,23957215232.000000,23958190080.000000,23959166976.000000,23960139776.000000,23961116672.000000,23962089472.000000,23963066368.000000,23964037120.000000,23965011968.000000,23965986816.000000,23966963712.000000,23967938560.000000,23968911360.000000,23969888256.000000,23970861056.000000,23971835904.000000,23972812800.000000,23973785600.000000,23974762496.000000,23975739392.000000,23976716288.000000,23977684992.000000,23978661888.000000,23979638784.000000,23980613632.000000,23981584384.000000,23982555136.000000,23983529984.000000,23984508928.000000,23985481728.000000,23986458624.000000,23987433472.000000,23988408320.000000,23989383168.000000,23990355968.000000,23991330816.000000,23992305664.000000,23993280512.000000,23994255360.000000,23995232256.000000,23996205056.000000,23997179904.000000,23998154752.000000,23999127552.000000,24000102400.000000,24001079296.000000,24002054144.000000,24003028992.000000,24004003840.000000,24004978688.000000,24005953536.000000,24006930432.000000,24007903232.000000,24008876032.000000,24009852928.000000,24010829824.000000,24011802624.000000,24012779520.000000,24013752320.000000,24014725120.000000,24015702016.000000,24016676864.000000,24017651712.000000,24018624512.000000,24019601408.000000,24020574208.000000,24021551104.000000,24022523904.000000,24023498752.000000,24024473600.000000,24025450496.000000,24026425344.000000,24027398144.000000,24028372992.000000,24029347840.000000,24030322688.000000,24031299584.000000,24032272384.000000,24033247232.000000,24034217984.000000,24035194880.000000,24036167680.000000,24037140480.000000,24038115328.000000,24039092224.000000,24040071168.000000
24317884416.000000,24318867456.000000,24319852544.000000,24320856064.000000,24321847296.000000,24322834432.000000,24323823616.000000,24324814848.000000,24325812224.000000,24326801408.000000,24327788544.000000,24328781824.000000,24329775104.000000,24330764288.000000,24331755520.000000,24332744704.000000,24333737984.000000,24334731264.000000,24335718400.000000,24336711680.000000,24337702912.000000,24338692096.000000,24339683328.000000,24340672512.000000,24341667840.000000,24342657024.000000,24343648256.000000,24344637440.000000,24345630720.000000,24346621952.000000,24347611136.000000,24348602368.000000,24349591552.000000,24350586880.000000,24351576064.000000,24352569344.000000,24353558528.000000,24354551808.000000,24355543040.000000,24356534272.000000,24357525504.000000,24358516736.000000,24359507968.000000,24360495104.000000,24361492480.000000,24362479616.000000,24363472896.000000,24364462080.000000,24365457408.000000,24366448640.000000,24367437824.000000,24368427008.000000,24369420288.000000,24370407424.000000,24371402752.000000,24372393984.000000,24373383168.000000,24374376448.000000,24375365632.000000,24376356864.000000,24377350144.000000,24378337280.000000,24379334656.000000,24380321792.000000,24381315072.000000,24382300160.000000,24383299584.000000,24384286720.000000,24385273856.000000,24386271232.000000,24387258368.000000,24388251648.000000,24389242880.000000,24390232064.000000,24391225344.000000,24392214528.000000,24393205760.000000,24394199040.000000,24395188224.000000,24396181504.000000,24397170688.000000,24398161920.000000,24399153152.000000,24400146432.000000,24401137664.000000,24402128896.000000,24403120128.000000,24404109312.000000,24405100544.000000,24406093824.000000,24407085056.000000,24408074240.000000,24409065472.000000,24410058752.000000,24411047936.000000,24412037120.000000,24413030400.000000,24414023680.000000,24415012864.000000,24416002048.000000,24416997376.000000,24417988608.000000,24418977792.000000,24419969024.000000,24420960256.000000,24421951488.000000,24422942720.000000,24423933952.000000,24424923136.000000,24425914368.000000,24426907648.000000,24427896832.000000,24428890112.000000,24429881344.000000,24430868480.000000,24431861760.000000,24432852992.000000,24433848320.000000,24434835456.000000,24435822592.000000,24436817920.000000,24437813248.000000,24438802432.000000,24439789568.000000,24440778752.000000,24441782272.000000,24442769408.000000,24443756544.000000
24719489024.000000,24720486400.000000,24721498112.000000,24722499584.000000,24723517440.000000,24724516864.000000,24725532672.000000,24726534144.000000,24727547904.000000,24728549376.000000,24729559040.000000,24730564608.000000,24731576320.000000,24732581888.000000,24733589504.000000,24734597120.000000,24735604736.000000,24736610304.000000,24737617920.000000,24738627584.000000,24739635200.000000,24740640768.000000,24741650432.000000,24742656000.000000,24743665664.000000,24744669184.000000,24745678848.000000,24746686464.000000,24747692032.000000,24748701696.000000,24749709312.000000,24750716928.000000,24751720448.000000,24752732160.000000,24753737728.000000,24754747392.000000,24755752960.000000,24756762624.000000,24757770240.000000,24758777856.000000,24759785472.000000,24760793088.000000,24761798656.000000,24762808320.000000,24763817984.000000,24764821504.000000,24765833216.000000,24766836736.000000,24767848448.000000,24768851968.000000,24769859584.000000,24770869248.000000,24771876864.000000,24772882432.000000,24773892096.000000,24774901760.000000,24775905280.000000,24776912896.000000,24777922560.000000,24778926080.000000,24779937792.000000,24780947456.000000,24781957120.000000,24782956544.000000,24783968256.000000,24784979968.000000,24785985536.000000,24786984960.000000,24787992576.000000,24789002240.000000,24790009856.000000,24791017472.000000,24792027136.000000,24793034752.000000,24794042368.000000,24795045888.000000,24796055552.000000,24797063168.000000,24798070784.000000,24799080448.000000,24800086016.000000,24801093632.000000,24802101248.000000,24803108864.000000,24804116480.000000,24805126144.000000,24806129664.000000,24807141376.000000,24808146944.000000,24809154560.000000,24810162176.000000,24811171840.000000,24812177408.000000,24813185024.000000,24814192640.000000,24815198208.000000,24816207872.000000,24817217536.000000,24818223104.000000,24819230720.000000,24820238336.000000,24821245952.000000,24822253568.000000,24823261184.000000,24824268800.000000,24825278464.000000,24826284032.000000,24827289600.000000,24828299264.000000,24829304832.000000,24830312448.000000,24831320064.000000,24832329728.000000,24833335296.000000,24834342912.000000,24835348480.000000,24836358144.000000,24837365760.000000,24838373376.000000,24839380992.000000,24840388608.000000,24841396224.000000,24842403840.000000,24843413504.000000,24844414976.000000,24845426688.000000,24846430208.000000,24847450112.000000
25121093632.000000,25122117632.000000,25123127296.000000,25124161536.000000,25125189632.000000,25126203392.000000,25127229440.000000,25128257536.000000,25129281536.000000,25130301440.000000,25131325440.000000,25132351488.000000,25133377536.000000,25134397440.000000,25135423488.000000,25136447488.000000,25137471488.000000,25138497536.000000,25139517440.000000,25140541440.000000,25141567488.000000,25142591488.000000,25143613440.000000,25144637440.000000,25145663488.000000,25146683392.000000,25147709440.000000,25148731392.000000,25149757440.000000,25150779392.000000,25151805440.000000,25152829440.000000,25153851392.000000,25154875392.000000,25155899392.000000,25156925440.000000,25157947392.000000,25158973440.000000,25159995392.000000,25161021440.000000,25162047488.000000,25163067392.000000,25164097536.000000,25165119488.000000,25166141440.000000,25167165440.000000,25168189440.000000,25169211392.000000,25170239488.000000,25171261440.000000,25172285440.000000,25173309440.000000,25174333440.000000,25175355392.000000,25176381440.000000,25177405440.000000,25178429440.000000,25179451392.000000,25180475392.000000,25181501440.000000,25182525440.000000,25183543296.000000,25184577536.000000,25185595392.000000,25186621440.000000,25187639296.000000,25188669440.000000,25189691392.000000,25190711296.000000,25191739392.000000,25192761344.000000,25193787392.000000,25194813440.000000,25195833344.000000,25196859392.000000,25197883392.000000,25198905344.000000,25199929344.000000,25200955392.000000,25201979392.000000,25202999296.000000,25204025344.000000,25205047296.000000,25206073344.000000,25207099392.000000,25208123392.000000,25209147392.000000,25210169344.000000,25211193344.000000,25212217344.000000,25213241344.000000,25214267392.000000,25215289344.000000,25216313344.000000,25217337344.000000,25218361344.000000,25219385344.000000,25220411392.000000,25221433344.000000,25222459392.000000,25223483392.000000,25224505344.000000,25225527296.000000,25226553344.000000,25227577344.000000,25228599296.000000,25229625344.000000,25230649344.000000,25231671296.000000,25232695296.000000,25233721344.000000,25234743296.000000,25235767296.000000,25236791296.000000,25237815296.000000,25238841344.000000,25239863296.000000,25240887296.000000,25241911296.000000,25242939392.000000,25243959296.000000,25244979200.000000,25246009344.000000,25247035392.000000,25248051200.000000,25249077248.000000,25250107392.000000,25251135488.000000
25522698240.000000,25523738624.000000,25524772864.000000,25525815296.000000,25526859776.000000,25527898112.000000,25528938496.000000,25529976832.000000,25531017216.000000,25532055552.000000,25533095936.000000,25534136320.000000,25535178752.000000,25536217088.000000,25537255424.000000,25538295808.000000,25539338240.000000,25540378624.000000,25541421056.000000,25542457344.000000,25543499776.000000,25544540160.000000,25545580544.000000,25546620928.000000,25547661312.000000,25548701696.000000,25549740032.000000,25550778368.000000,25551818752.000000,25552859136.000000,25553899520.000000,25554944000.000000,25555980288.000000,25557022720.000000,25558061056.000000,25559101440.000000,25560141824.000000,25561186304.000000,25562224640.000000,25563265024.000000,25564307456.000000,25565345792.000000,25566384128.000000,25567426560.000000,25568466944.000000,25569507328.000000,25570549760.000000,25571588096.000000,25572630528.000000,25573668864.000000,25574709248.000000,25575747584.000000,25576790016.000000,25577830400.000000,25578872832.000000,25579911168.000000,25580951552.000000,25581991936.000000,25583030272.000000,25584070656.000000,25585113088.000000,25586155520.000000,25587197952.000000,25588232192.000000,25589274624.000000,25590317056.000000,25591357440.000000,25592393728.000000,25593430016.000000,25594472448.000000,25595514880.000000,25596555264.000000,25597597696.000000,25598636032.000000,25599676416.000000,25600712704.000000,25601755136.000000,25602795520.000000,25603835904.000000,25604876288.000000,25605914624.000000,25606957056.000000,25607997440.000000,25609039872.000000,25610078208.000000,25611118592.000000,25612158976.000000,25613199360.000000,25614239744.000000,25615280128.000000,25616320512.000000,25617360896.000000,25618401280.000000,25619443712.000000,25620482048.000000,25621522432.000000,25622562816.000000,25623605248.000000,25624643584.000000,25625686016.000000,25626724352.000000,25627764736.000000,25628805120.000000,25629845504.000000,25630885888.000000,25631926272.000000,25632966656.000000,25634007040.000000,25635047424.000000,25636087808.000000,25637126144.000000,25638166528.000000,25639206912.000000,25640249344.000000,25641287680.000000,25642328064.000000,25643368448.000000,25644410880.000000,25645451264.000000,25646491648.000000,25647529984.000000,25648570368.000000,25649608704.000000,25650647040.000000,25651689472.000000,25652723712.000000,25653768192.000000,25654812672.000000
25924302848.000000,25925351424.000000,25926402048.000000,25927469056.000000,25928529920.000000,25929580544.000000,25930635264.000000,25931692032.000000,25932752896.000000,25933809664.000000,25934862336.000000,25935919104.000000,25936979968.000000,25938034688.000000,25939091456.000000,25940148224.000000,25941204992.000000,25942263808.000000,25943316480.000000,25944375296.000000,25945432064.000000,25946486784.000000,25947543552.000000,25948598272.000000,25949659136.000000,25950711808.000000,25951770624.000000,25952825344.000000,25953884160.000000,25954940928.000000,25955995648.000000,25957052416.000000,25958109184.000000,25959165952.000000,25960222720.000000,25961281536.000000,25962336256.000000,25963393024.000000,25964449792.000000,25965506560.000000,25966567424.000000,25967622144.000000,25968683008.000000,25969731584.000000,25970792448.000000,25971847168.000000,25972905984.000000,25973960704.000000,25975021568.000000,25976076288.000000,25977133056.000000,25978189824.000000,25979246592.000000,25980301312.000000,25981360128.000000,25982416896.000000,25983473664.000000,25984530432.000000,25985585152.000000,25986641920.000000,25987700736.000000,25988751360.000000,25989818368.000000,25990868992.000000,25991927808.000000,25992978432.000000,25994039296.000000,25995096064.000000,25996148736.000000,25997209600.000000,25998264320.000000,25999321088.000000,26000381952.000000,26001434624.000000,26002493440.000000,26003548160.000000,26004606976.000000,26005663744.000000,26006720512.000000,26007775232.000000,26008829952.000000,26009888768.000000,26010943488.000000,26012004352.000000,26013061120.000000,26014115840.000000,26015174656.000000,26016229376.000000,26017286144.000000,26018347008.000000,26019399680.000000,26020456448.000000,26021513216.000000,26022569984.000000,26023626752.000000,26024683520.000000,26025740288.000000,26026799104.000000,26027853824.000000,26028912640.000000,26029969408.000000,26031026176.000000,26032080896.000000,26033135616.000000,26034194432.000000,26035253248.000000,26036307968.000000,26037364736.000000,26038419456.000000,26039476224.000000,26040535040.000000,26041589760.000000,26042646528.000000,26043703296.000000,26044760064.000000,26045816832.000000,26046873600.000000,26047934464.000000,26048987136.000000,26050041856.000000,26051100672.000000,26052161536.000000,26053216256.000000,26054268928.000000,26055323648.000000,26056392704.000000,26057445376.000000,26058498048.000000
26325907456.000000,26326970368.000000,26328047616.000000,26329114624.000000,26330200064.000000,26331262976.000000,26332344320.000000,26333411328.000000,26334488576.000000,26335557632.000000,26336632832.000000,26337705984.000000,26338781184.000000,26339852288.000000,26340925440.000000,26341998592.000000,26343071744.000000,26344142848.000000,26345220096.000000,26346291200.000000,26347364352.000000,26348435456.000000,26349510656.000000,26350581760.000000,26351656960.000000,26352728064.000000,26353801216.000000,26354874368.000000,26355947520.000000,26357020672.000000,26358091776.000000,26359169024.000000,26360238080.000000,26361313280.000000,26362384384.000000,26363459584.000000,26364530688.000000,26365605888.000000,26366679040.000000,26367752192.000000,26368827392.000000,26369898496.000000,26370969600.000000,26372044800.000000,26373117952.000000,26374189056.000000,26375266304.000000,26376337408.000000,26377412608.000000,26378481664.000000,26379556864.000000,26380627968.000000,26381703168.000000,26382774272.000000,26383849472.000000,26384924672.000000,26385995776.000000,26387066880.000000,26388140032.000000,26389211136.000000,26390288384.000000,26391363584.000000,26392438784.000000,26393505792.000000,26394580992.000000,26395656192.000000,26396729344.000000,26397796352.000000,26398867456.000000,26399940608.000000,26401017856.000000,26402088960.000000,26403166208.000000,26404237312.000000,26405310464.000000,26406379520.000000,26407456768.000000,26408529920.000000,26409603072.000000,26410676224.000000,26411745280.000000,26412820480.000000,26413895680.000000,26414966784.000000,26416041984.000000,26417115136.000000,26418186240.000000,26419261440.000000,26420332544.000000,26421405696.000000,26422478848.000000,26423554048.000000,26424625152.000000,26425700352.000000,26426771456.000000,26427842560.000000,26428917760.000000,26429992960.000000,26431064064.000000,26432137216.000000,26433210368.000000,26434283520.000000,26435356672.000000,26436427776.000000,26437502976.000000,26438576128.000000,26439647232.000000,26440720384.000000,26441795584.000000,26442868736.000000,26443939840.000000,26445015040.000000,26446086144.000000,26447159296.000000,26448232448.000000,26449303552.000000,26450378752.000000,26451451904.000000,26452525056.000000,26453596160.000000,26454671360.000000,26455744512.000000,26456817664.000000,26457892864.000000,26458961920.000000,26460037120.000000,26461104128.000000,26462191616.000000
26727512064.000000,26728603648.000000,26729676800.000000,26730774528.000000,26731870208.000000,26732951552.000000,26734041088.000000,26735136768.000000,26736222208.000000,26737309696.000000,26738401280.000000,26739492864.000000,26740580352.000000,26741667840.000000,26742759424.000000,26743846912.000000,26744938496.000000,26746028032.000000,26747115520.000000,26748207104.000000,26749296640.000000,26750386176.000000,26751473664.000000,26752565248.000000,26753654784.000000,26754740224.000000,26755831808.000000,26756921344.000000,26758010880.000000,26759098368.000000,26760185856.000000,26761279488.000000,26762364928.000000,26763456512.000000,26764544000.000000,26765639680.000000,26766725120.000000,26767814656.000000,26768906240.000000,26769995776.000000,26771083264.000000,26772174848.000000,26773264384.000000,26774353920.000000,26775445504.000000,26776532992.000000,26777620480.000000,26778712064.000000,26779803648.000000,26780889088.000000,26781980672.000000,26783068160.000000,26784157696.000000,26785245184.000000,26786338816.000000,26787426304.000000,26788517888.000000,26789605376.000000,26790694912.000000,26791786496.000000,26792873984.000000,26793959424.000000,26795059200.000000,26796142592.000000,26797234176.000000,26798317568.000000,26799413248.000000,26800502784.000000,26801586176.000000,26802677760.000000,26803769344.000000,26804858880.000000,26805948416.000000,26807037952.000000,26808125440.000000,26809214976.000000,26810306560.000000,26811392000.000000,26812483584.000000,26813575168.000000,26814660608.000000,26815752192.000000,26816841728.000000,26817931264.000000,26819022848.000000,26820114432.000000,26821201920.000000,26822291456.000000,26823378944.000000,26824466432.000000,26825555968.000000,26826647552.000000,26827737088.000000,26828826624.000000,26829916160.000000,26831005696.000000,26832095232.000000,26833186816.000000,26834274304.000000,26835363840.000000,26836455424.000000,26837540864.000000,26838630400.000000,26839721984.000000,26840811520.000000,26841901056.000000,26842990592.000000,26844078080.000000,26845167616.000000,26846257152.000000,26847348736.000000,26848438272.000000,26849525760.000000,26850617344.000000,26851704832.000000,26852794368.000000,26853883904.000000,26854973440.000000,26856062976.000000,26857156608.000000,26858242048.000000,26859327488.000000,26860423168.000000,26861514752.000000,26862596096.000000,26863687680.000000,26864783360.000000,26865872896.000000
27129116672.000000,27130222592.000000,27131322368.000000,27132432384.000000,27133540352.000000,27134646272.000000,27135750144.000000,27136854016.000000,27137957888.000000,27139065856.000000,27140169728.000000,27141275648.000000,27142383616.000000,27143487488.000000,27144591360.000000,27145697280.000000,27146805248.000000,27147909120.000000,27149019136.000000,27150120960.000000,27151228928.000000,27152332800.000000,27153438720.000000,27154544640.000000,27155652608.000000,27156758528.000000,27157862400.000000,27158968320.000000,27160074240.000000,27161180160.000000,27162284032.000000,27163392000.000000,27164493824.000000,27165603840.000000,27166707712.000000,27167813632.000000,27168919552.000000,27170027520.000000,27171133440.000000,27172239360.000000,27173343232.000000,27174449152.000000,27175553024.000000,27176663040.000000,27177771008.000000,27178874880.000000,27179982848.000000,27181086720.000000,27182192640.000000,27183296512.000000,27184404480.000000,27185508352.000000,27186614272.000000,27187722240.000000,27188826112.000000,27189932032.000000,27191040000.000000,27192143872.000000,27193251840.000000,27194355712.000000,27195461632.000000,27196571648.000000,27197679616.000000,27198779392.000000,27199887360.000000,27200995328.000000,27202101248.000000,27203198976.000000,27204304896.000000,27205414912.000000,27206520832.000000,27207626752.000000,27208732672.000000,27209838592.000000,27210944512.000000,27212050432.000000,27213156352.000000,27214262272.000000,27215368192.000000,27216474112.000000,27217575936.000000,27218685952.000000,27219791872.000000,27220897792.000000,27222003712.000000,27223105536.000000,27224211456.000000,27225319424.000000,27226425344.000000,27227531264.000000,27228639232.000000,27229743104.000000,27230849024.000000,27231956992.000000,27233058816.000000,27234164736.000000,27235272704.000000,27236380672.000000,27237484544.000000,27238592512.000000,27239696384.000000,27240800256.000000,27241908224.000000,27243016192.000000,27244120064.000000,27245228032.000000,27246331904.000000,27247439872.000000,27248543744.000000,27249647616.000000,27250755584.000000,27251859456.000000,27252965376.000000,27254071296.000000,27255177216.000000,27256283136.000000,27257389056.000000,27258494976.000000,27259598848.000000,27260706816.000000,27261814784.000000,27262918656.000000,27264022528.000000,27265130496.000000,27266234368.000000,27267334144.000000,27268442112.000000,27269552128.000000
27530721280.000000,27531835392.000000,27532951552.000000,27534080000.000000,27535210496.000000,27536326656.000000,27537446912.000000,27538569216.000000,27539693568.000000,27540817920.000000,27541938176.000000,27543060480.000000,27544182784.000000,27545305088.000000,27546427392.000000,27547549696.000000,27548672000.000000,27549794304.000000,27550914560.000000,27552034816.000000,27553161216.000000,27554281472.000000,27555403776.000000,27556524032.000000,27557650432.000000,27558770688.000000,27559892992.000000,27561013248.000000,27562137600.000000,27563259904.000000,27564380160.000000,27565504512.000000,27566622720.000000,27567749120.000000,27568867328.000000,27569993728.000000,27571113984.000000,27572238336.000000,27573358592.000000,27574482944.000000,27575603200.000000,27576727552.000000,27577849856.000000,27578968064.000000,27580096512.000000,27581218816.000000,27582337024.000000,27583459328.000000,27584583680.000000,27585705984.000000,27586828288.000000,27587948544.000000,27589070848.000000,27590195200.000000,27591317504.000000,27592435712.000000,27593562112.000000,27594682368.000000,27595804672.000000,27596926976.000000,27598049280.000000,27599169536.000000,27600300032.000000,27601414144.000000,27602540544.000000,27603656704.000000,27604783104.000000,27605905408.000000,27607023616.000000,27608150016.000000,27609270272.000000,27610394624.000000,27611516928.000000,27612639232.000000,27613759488.000000,27614881792.000000,27616006144.000000,27617128448.000000,27618248704.000000,27619371008.000000,27620491264.000000,27621617664.000000,27622737920.000000,27623860224.000000,27624984576.000000,27626104832.000000,27627229184.000000,27628347392.000000,27629471744.000000,27630596096.000000,27631714304.000000,27632838656.000000,27633960960.000000,27635085312.000000,27636205568.000000,27637327872.000000,27638450176.000000,27639574528.000000,27640694784.000000,27641819136.000000,27642941440.000000,27644061696.000000,27645184000.000000,27646304256.000000,27647428608.000000,27648550912.000000,27649671168.000000,27650793472.000000,27651915776.000000,27653038080.000000,27654162432.000000,27655282688.000000,27656404992.000000,27657527296.000000,27658649600.000000,27659771904.000000,27660894208.000000,27662016512.000000,27663136768.000000,27664261120.000000,27665385472.000000,27666509824.000000,27667628032.000000,27668746240.000000,27669868544.000000,27671003136.000000,27672121344.000000,27673237504.000000
27932325888.000000,27933452288.000000,27934597120.000000,27935729664.000000,27936880640.000000,27938009088.000000,27939155968.000000,27940288512.000000,27941429248.000000,27942565888.000000,27943706624.000000,27944845312.000000,27945986048.000000,27947122688.000000,27948259328.000000,27949398016.000000,27950538752.000000,27951675392.000000,27952818176.000000,27953952768.000000,27955093504.000000,27956230144.000000,27957368832.000000,27958509568.000000,27959648256.000000,27960784896.000000,27961923584.000000,27963062272.000000,27964200960.000000,27965339648.000000,27966476288.000000,27967617024.000000,27968751616.000000,27969892352.000000,27971031040.000000,27972171776.000000,27973308416.000000,27974449152.000000,27975587840.000000,27976726528.000000,27977863168.000000,27979005952.000000,27980138496.000000,27981277184.000000,27982422016.000000,27983556608.000000,27984699392.000000,27985833984.000000,27986974720.000000,27988111360.000000,27989254144.000000,27990388736.000000,27991529472.000000,27992666112.000000,27993806848.000000,27994943488.000000,27996084224.000000,27997222912.000000,27998361600.000000,27999498240.000000,28000636928.000000,28001777664.000000,28002920448.000000,28004052992.000000,28005193728.000000,28006336512.000000,28007473152.000000,28008603648.000000,28009746432.000000,28010883072.000000,28012023808.000000,28013162496.000000,28014301184.000000,28015437824.000000,28016578560.000000,28017715200.000000,28018855936.000000,28019994624.000000,28021129216.000000,28022269952.000000,28023406592.000000,28024547328.000000,28025688064.000000,28026824704.000000,28027965440.000000,28029102080.000000,28030238720.000000,28031381504.000000,28032518144.000000,28033656832.000000,28034795520.000000,28035936256.000000,28037072896.000000,28038211584.000000,28039350272.000000,28040486912.000000,28041627648.000000,28042768384.000000,28043902976.000000,28045045760.000000,28046182400.000000,28047321088.000000,28048459776.000000,28049596416.000000,28050737152.000000,28051877888.000000,28053012480.000000,28054151168.000000,28055291904.000000,28056428544.000000,28057567232.000000,28058705920.000000,28059844608.000000,28060983296.000000,28062121984.000000,28063260672.000000,28064399360.000000,28065538048.000000,28066676736.000000,28067813376.000000,28068956160.000000,28070092800.000000,28071231488.000000,28072372224.000000,28073506816.000000,28074647552.000000,28075780096.000000,28076933120.000000
28333930496.000000,28335087616.000000,28336226304.000000,28337389568.000000,28338552832.000000,28339693568.000000,28340852736.000000,28342013952.000000,28343164928.000000,28344315904.000000,28345475072.000000,28346630144.000000,28347785216.000000,28348940288.000000,28350095360.000000,28351248384.000000,28352405504.000000,28353560576.000000,28354713600.000000,28355870720.000000,28357025792.000000,28358176768.000000,28359335936.000000,28360491008.000000,28361644032.000000,28362801152.000000,28363954176.000000,28365107200.000000,28366266368.000000,28367417344.000000,28368572416.000000,28369729536.000000,28370880512.000000,28372037632.000000,28373192704.000000,28374349824.000000,28375502848.000000,28376659968.000000,28377815040.000000,28378970112.000000,28380123136.000000,28381278208.000000,28382435328.000000,28383592448.000000,28384747520.000000,28385898496.000000,28387055616.000000,28388208640.000000,28389365760.000000,28390520832.000000,28391675904.000000,28392830976.000000,28393986048.000000,28395137024.000000,28396294144.000000,28397449216.000000,28398606336.000000,28399759360.000000,28400914432.000000,28402071552.000000,28403224576.000000,28404375552.000000,28405540864.000000,28406687744.000000,28407846912.000000,28408995840.000000,28410157056.000000,28411312128.000000,28412465152.000000,28413616128.000000,28414775296.000000,28415930368.000000,28417085440.000000,28418240512.000000,28419395584.000000,28420548608.000000,28421705728.000000,28422860800.000000,28424013824.000000,28425170944.000000,28426321920.000000,28427479040.000000,28428634112.000000,28429789184.000000,28430946304.000000,28432103424.000000,28433256448.000000,28434411520.000000,28435564544.000000,28436719616.000000,28437872640.000000,28439029760.000000,28440184832.000000,28441339904.000000,28442494976.000000,28443652096.000000,28444805120.000000,28445962240.000000,28447115264.000000,28448268288.000000,28449425408.000000,28450578432.000000,28451733504.000000,28452890624.000000,28454045696.000000,28455200768.000000,28456353792.000000,28457508864.000000,28458663936.000000,28459819008.000000,28460974080.000000,28462133248.000000,28463284224.000000,28464439296.000000,28465594368.000000,28466749440.000000,28467904512.000000,28469059584.000000,28470214656.000000,28471373824.000000,28472526848.000000,28473677824.000000,28474834944.000000,28475994112.000000,28477140992.000000,28478298112.000000,28479459328.000000,28480618496.000000
28735535104.000000,28736706560.000000,28737873920.000000,28739047424.000000,28740222976.000000,28741390336.000000,28742561792.000000,28743727104.000000,28744900608.000000,28746072064.000000,28747243520.000000,28748412928.000000,28749584384.000000,28750755840.000000,28751929344.000000,28753100800.000000,28754272256.000000,28755441664.000000,28756617216.000000,28757784576.000000,28758958080.000000,28760127488.000000,28761298944.000000,28762472448.000000,28763641856.000000,28764813312.000000,28765986816.000000,28767156224.000000,28768329728.000000,28769497088.000000,28770668544.000000,28771842048.000000,28773009408.000000,28774184960.000000,28775354368.000000,28776525824.000000,28777697280.000000,28778868736.000000,28780042240.000000,28781213696.000000,28782383104.000000,28783556608.000000,28784726016.000000,28785899520.000000,28787073024.000000,28788242432.000000,28789415936.000000,28790585344.000000,28791756800.000000,28792928256.000000,28794099712.000000,28795269120.000000,28796442624.000000,28797612032.000000,28798783488.000000,28799954944.000000,28801128448.000000,28802299904.000000,28803471360.000000,28804640768.000000,28805812224.000000,28806985728.000000,28808161280.000000,28809326592.000000,28810500096.000000,28811673600.000000,28812845056.000000,28814008320.000000,28815183872.000000,28816355328.000000,28817526784.000000,28818698240.000000,28819869696.000000,28821037056.000000,28822212608.000000,28823384064.000000,28824555520.000000,28825726976.000000,28826898432.000000,28828069888.000000,28829237248.000000,28830412800.000000,28831584256.000000,28832755712.000000,28833927168.000000,28835092480.000000,28836265984.000000,28837439488.000000,28838610944.000000,28839782400.000000,28840953856.000000,28842125312.000000,28843296768.000000,28844468224.000000,28845639680.000000,28846811136.000000,28847982592.000000,28849156096.000000,28850325504.000000,28851496960.000000,28852668416.000000,28853837824.000000,28855011328.000000,28856182784.000000,28857354240.000000,28858525696.000000,28859697152.000000,28860868608.000000,28862040064.000000,28863211520.000000,28864382976.000000,28865554432.000000,28866723840.000000,28867895296.000000,28869066752.000000,28870238208.000000,28871409664.000000,28872581120.000000,28873750528.000000,28874926080.000000,28876097536.000000,28877266944.000000,28878438400.000000,28879611904.000000,28880779264.000000,28881944576.000000,28883118080.000000,28884293632.000000
29137139712.000000,29138319360.000000,29139501056.000000,29140692992.000000,29141893120.000000,29143074816.000000,29144258560.000000,29145444352.000000,29146636288.000000,29147826176.000000,29149011968.000000,29150197760.000000,29151387648.000000,29152573440.000000,29153763328.000000,29154951168.000000,29156141056.000000,29157326848.000000,29158512640.000000,29159702528.000000,29160890368.000000,29162078208.000000,29163266048.000000,29164449792.000000,29165639680.000000,29166827520.000000,29168015360.000000,29169201152.000000,29170393088.000000,29171578880.000000,29172764672.000000,29173954560.000000,29175138304.000000,29176330240.000000,29177516032.000000,29178705920.000000,29179893760.000000,29181079552.000000,29182267392.000000,29183455232.000000,29184643072.000000,29185832960.000000,29187020800.000000,29188204544.000000,29189398528.000000,29190582272.000000,29191772160.000000,29192960000.000000,29194147840.000000,29195333632.000000,29196523520.000000,29197709312.000000,29198899200.000000,29200087040.000000,29201272832.000000,29202462720.000000,29203650560.000000,29204838400.000000,29206024192.000000,29207212032.000000,29208399872.000000,29209587712.000000,29210781696.000000,29211961344.000000,29213153280.000000,29214334976.000000,29215531008.000000,29216716800.000000,29217902592.000000,29219090432.000000,29220276224.000000,29221464064.000000,29222653952.000000,29223841792.000000,29225029632.000000,29226217472.000000,29227405312.000000,29228593152.000000,29229780992.000000,29230968832.000000,29232152576.000000,29233344512.000000,29234530304.000000,29235718144.000000,29236908032.000000,29238093824.000000,29239283712.000000,29240469504.000000,29241657344.000000,29242845184.000000,29244030976.000000,29245220864.000000,29246408704.000000,29247596544.000000,29248784384.000000,29249972224.000000,29251158016.000000,29252349952.000000,29253533696.000000,29254721536.000000,29255911424.000000,29257099264.000000,29258287104.000000,29259476992.000000,29260662784.000000,29261848576.000000,29263036416.000000,29264224256.000000,29265412096.000000,29266604032.000000,29267789824.000000,29268973568.000000,29270163456.000000,29271355392.000000,29272539136.000000,29273726976.000000,29274914816.000000,29276102656.000000,29277288448.000000,29278478336.000000,29279668224.000000,29280858112.000000,29282041856.000000,29283223552.000000,29284413440.000000,29285613568.000000,29286797312.000000,29287979008.000000
29538744320.000000,29539934208.000000,29541148672.000000,29542344704.000000,29543563264.000000,29544755200.000000,29545967616.000000,29547165696.000000,29548371968.000000,29549576192.000000,29550780416.000000,29551984640.000000,29553186816.000000,29554393088.000000,29555597312.000000,29556799488.000000,29558007808.000000,29559207936.000000,29560416256.000000,29561616384.000000,29562822656.000000,29564024832.000000,29565231104.000000,29566435328.000000,29567637504.000000,29568841728.000000,29570048000.000000,29571250176.000000,29572456448.000000,29573658624.000000,29574860800.000000,29576067072.000000,29577267200.000000,29578475520.000000,29579677696.000000,29580883968.000000,29582088192.000000,29583292416.000000,29584496640.000000,29585700864.000000,29586903040.000000,29588109312.000000,29589311488.000000,29590517760.000000,29591724032.000000,29592924160.000000,29594132480.000000,29595332608.000000,29596538880.000000,29597741056.000000,29598949376.000000,29600149504.000000,29601355776.000000,29602557952.000000,29603764224.000000,29604968448.000000,29606172672.000000,29607376896.000000,29608581120.000000,29609783296.000000,29610987520.000000,29612193792.000000,29613402112.000000,29614600192.000000,29615806464.000000,29617012736.000000,29618216960.000000,29619415040.000000,29620621312.000000,29621825536.000000,29623029760.000000,29624231936.000000,29625438208.000000,29626638336.000000,29627846656.000000,29629050880.000000,29630255104.000000,29631457280.000000,29632663552.000000,29633865728.000000,29635067904.000000,29636274176.000000,29637480448.000000,29638682624.000000,29639888896.000000,29641091072.000000,29642293248.000000,29643501568.000000,29644703744.000000,29645907968.000000,29647112192.000000,29648318464.000000,29649520640.000000,29650724864.000000,29651927040.000000,29653135360.000000,29654337536.000000,29655543808.000000,29656743936.000000,29657950208.000000,29659154432.000000,29660356608.000000,29661562880.000000,29662767104.000000,29663971328.000000,29665175552.000000,29666377728.000000,29667586048.000000,29668788224.000000,29669990400.000000,29671194624.000000,29672400896.000000,29673603072.000000,29674807296.000000,29676007424.000000,29677217792.000000,29678419968.000000,29679624192.000000,29680828416.000000,29682032640.000000,29683238912.000000,29684439040.000000,29685645312.000000,29686851584.000000,29688051712.000000,29689257984.000000,29690454016.000000,29691674624.000000
29940348928.000000,29941573632.000000,29942775808.000000,29944004608.000000,29945233408.000000,29946443776.000000,29947664384.000000,29948891136.000000,29950107648.000000,29951326208.000000,29952548864.000000,29953767424.000000,29954990080.000000,29956210688.000000,29957429248.000000,29958649856.000000,29959874560.000000,29961089024.000000,29962311680.000000,29963534336.000000,29964754944.000000,29965975552.000000,29967196160.000000,29968414720.000000,29969637376.000000,29970857984.000000,29972076544.000000,29973297152.000000,29974519808.000000,29975736320.000000,29976956928.000000,29978181632.000000,29979396096.000000,29980618752.000000,29981839360.000000,29983064064.000000,29984282624.000000,29985503232.000000,29986723840.000000,29987944448.000000,29989163008.000000,29990383616.000000,29991610368.000000,29992828928.000000,29994047488.000000,29995268096.000000,29996488704.000000,29997709312.000000,29998929920.000000,30000148480.000000,30001369088.000000,30002589696.000000,30003812352.000000,30005028864.000000,30006251520.000000,30007474176.000000,30008694784.000000,30009913344.000000,30011138048.000000,30012354560.000000,30013575168.000000,30014797824.000000,30016022528.000000,30017234944.000000,30018461696.000000,30019674112.000000,30020900864.000000,30022123520.000000,30023340032.000000,30024558592.000000,30025781248.000000,30027001856.000000,30028222464.000000,30029443072.000000,30030663680.000000,30031882240.000000,30033104896.000000,30034323456.000000,30035546112.000000,30036766720.000000,30037983232.000000,30039205888.000000,30040428544.000000,30041649152.000000,30042869760.000000,30044092416.000000,30045310976.000000,30046531584.000000,30047750144.000000,30048972800.000000,30050193408.000000,30051409920.000000,30052632576.000000,30053855232.000000,30055073792.000000,30056294400.000000,30057515008.000000,30058737664.000000,30059956224.000000,30061178880.000000,30062397440.000000,30063616000.000000,30064836608.000000,30066061312.000000,30067279872.000000,30068500480.000000,30069719040.000000,30070939648.000000,30072160256.000000,30073378816.000000,30074601472.000000,30075824128.000000,30077042688.000000,30078263296.000000,30079483904.000000,30080704512.000000,30081925120.000000,30083147776.000000,30084366336.000000,30085591040.000000,30086809600.000000,30088024064.000000,30089248768.000000,30090473472.000000,30091685888.000000,30092908544.000000,30094135296.000000,30095355904.000000
30341953536.000000,30343190528.000000,30344423424.000000,30345664512.000000,30346903552.000000,30348132352.000000,30349371392.000000,30350604288.000000,30351843328.000000,30353080320.000000,30354317312.000000,30355552256.000000,30356789248.000000,30358028288.000000,30359265280.000000,30360502272.000000,30361741312.000000,30362974208.000000,30364211200.000000,30365448192.000000,30366687232.000000,30367922176.000000,30369159168.000000,30370396160.000000,30371635200.000000,30372872192.000000,30374109184.000000,30375344128.000000,30376583168.000000,30377818112.000000,30379053056.000000,30380294144.000000,30381524992.000000,30382764032.000000,30384001024.000000,30385240064.000000,30386477056.000000,30387714048.000000,30388951040.000000,30390188032.000000,30391422976.000000,30392662016.000000,30393896960.000000,30395136000.000000,30396372992.000000,30397607936.000000,30398849024.000000,30400081920.000000,30401320960.000000,30402555904.000000,30403794944.000000,30405029888.000000,30406268928.000000,30407505920.000000,30408740864.000000,30409979904.000000,30411216896.000000,30412455936.000000,30413688832.000000,30414925824.000000,30416162816.000000,30417401856.000000,30418642944.000000,30419873792.000000,30421114880.000000,30422351872.000000,30423584768.000000,30424817664.000000,30426058752.000000,30427295744.000000,30428532736.000000,30429769728.000000,30431006720.000000,30432243712.000000,30433480704.000000,30434717696.000000,30435954688.000000,30437187584.000000,30438428672.000000,30439665664.000000,30440898560.000000,30442139648.000000,30443376640.000000,30444609536.000000,30445850624.000000,30447087616.000000,30448320512.000000,30449559552.000000,30450796544.000000,30452035584.000000,30453268480.000000,30454507520.000000,30455744512.000000,30456981504.000000,30458216448.000000,30459455488.000000,30460692480.000000,30461931520.000000,30463166464.000000,30464401408.000000,30465640448.000000,30466877440.000000,30468114432.000000,30469349376.000000,30470588416.000000,30471823360.000000,30473062400.000000,30474301440.000000,30475536384.000000,30476771328.000000,30478010368.000000,30479249408.000000,30480482304.000000,30481719296.000000,30482956288.000000,30484193280.000000,30485430272.000000,30486667264.000000,30487902208.000000,30489141248.000000,30490380288.000000,30491615232.000000,30492852224.000000,30494089216.000000,30495324160.000000,30496550912.000000,30497792000.000000,30499033088.000000
30743558144.000000,30744803328.000000,30746050560.000000,30747310080.000000,30748573696.000000,30749820928.000000,30751070208.000000,30752323584.000000,30753579008.000000,30754832384.000000,30756087808.000000,30757339136.000000,30758592512.000000,30759845888.000000,30761099264.000000,30762350592.000000,30763608064.000000,30764859392.000000,30766110720.000000,30767362048.000000,30768619520.000000,30769870848.000000,30771126272.000000,30772379648.000000,30773633024.000000,30774884352.000000,30776137728.000000,30777389056.000000,30778646528.000000,30779897856.000000,30781151232.000000,30782406656.000000,30783653888.000000,30784911360.000000,30786162688.000000,30787418112.000000,30788671488.000000,30789924864.000000,30791176192.000000,30792431616.000000,30793682944.000000,30794938368.000000,30796191744.000000,30797441024.000000,30798698496.000000,30799949824.000000,30801205248.000000,30802458624.000000,30803712000.000000,30804965376.000000,30806216704.000000,30807470080.000000,30808725504.000000,30809974784.000000,30811230208.000000,30812481536.000000,30813739008.000000,30814990336.000000,30816247808.000000,30817497088.000000,30818750464.000000,30820005888.000000,30821263360.000000,30822508544.000000,30823768064.000000,30825013248.000000,30826274816.000000,30827526144.000000,30828777472.000000,30830030848.000000,30831286272.000000,30832537600.000000,30833790976.000000,30835044352.000000,30836297728.000000,30837549056.000000,30838804480.000000,30840057856.000000,30841309184.000000,30842562560.000000,30843813888.000000,30845071360.000000,30846322688.000000,30847578112.000000,30848831488.000000,30850080768.000000,30851338240.000000,30852587520.000000,30853842944.000000,30855096320.000000,30856351744.000000,30857603072.000000,30858856448.000000,30860111872.000000,30861363200.000000,30862616576.000000,30863869952.000000,30865125376.000000,30866374656.000000,30867628032.000000,30868883456.000000,30870134784.000000,30871390208.000000,30872641536.000000,30873896960.000000,30875150336.000000,30876401664.000000,30877655040.000000,30878908416.000000,30880165888.000000,30881413120.000000,30882668544.000000,30883921920.000000,30885179392.000000,30886428672.000000,30887682048.000000,30888935424.000000,30890188800.000000,30891444224.000000,30892695552.000000,30893950976.000000,30895206400.000000,30896455680.000000,30897702912.000000,30898958336.000000,30900224000.000000,30901473280.000000,30902720512.000000
31145162752.000000,31146416128.000000,31147698176.000000,31148959744.000000,31150241792.000000,31151501312.000000,31152775168.000000,31154042880.000000,31155314688.000000,31156584448.000000,31157854208.000000,31159123968.000000,31160391680.000000,31161663488.000000,31162933248.000000,31164200960.000000,31165474816.000000,31166740480.000000,31168014336.000000,31169282048.000000,31170551808.000000,31171819520.000000,31173089280.000000,31174359040.000000,31175630848.000000,31176896512.000000,31178172416.000000,31179436032.000000,31180709888.000000,31181977600.000000,31183245312.000000,31184519168.000000,31185782784.000000,31187056640.000000,31188324352.000000,31189596160.000000,31190865920.000000,31192135680.000000,31193405440.000000,31194673152.000000,31195942912.000000,31197214720.000000,31198482432.000000,31199750144.000000,31201024000.000000,31202291712.000000,31203565568.000000,31204831232.000000,31206103040.000000,31207368704.000000,31208640512.000000,31209910272.000000,31211182080.000000,31212449792.000000,31213721600.000000,31214991360.000000,31216261120.000000,31217528832.000000,31218800640.000000,31220070400.000000,31221338112.000000,31222609920.000000,31223883776.000000,31225147392.000000,31226421248.000000,31227693056.000000,31228956672.000000,31230222336.000000,31231496192.000000,31232763904.000000,31234035712.000000,31235301376.000000,31236575232.000000,31237842944.000000,31239114752.000000,31240384512.000000,31241654272.000000,31242921984.000000,31244189696.000000,31245463552.000000,31246729216.000000,31248003072.000000,31249272832.000000,31250540544.000000,31251812352.000000,31253080064.000000,31254347776.000000,31255619584.000000,31256889344.000000,31258159104.000000,31259428864.000000,31260700672.000000,31261968384.000000,31263238144.000000,31264505856.000000,31265777664.000000,31267047424.000000,31268319232.000000,31269584896.000000,31270856704.000000,31272126464.000000,31273396224.000000,31274665984.000000,31275935744.000000,31277205504.000000,31278477312.000000,31279742976.000000,31281016832.000000,31282284544.000000,31283552256.000000,31284822016.000000,31286091776.000000,31287361536.000000,31288631296.000000,31289896960.000000,31291170816.000000,31292440576.000000,31293710336.000000,31294980096.000000,31296249856.000000,31297521664.000000,31298787328.000000,31300059136.000000,31301330944.000000,31302596608.000000,31303868416.000000,31305129984.000000,31306416128.000000
31546767360.000000,31548057600.000000,31549325312.000000,31550619648.000000,31551911936.000000,31553189888.000000,31554476032.000000,31555770368.000000,31557050368.000000,31558332416.000000,31559620608.000000,31560906752.000000,31562194944.000000,31563476992.000000,31564765184.000000,31566053376.000000,31567339520.000000,31568621568.000000,31569911808.000000,31571197952.000000,31572484096.000000,31573770240.000000,31575056384.000000,31576340480.000000,31577628672.000000,31578914816.000000,31580198912.000000,31581487104.000000,31582773248.000000,31584055296.000000,31585343488.000000,31586631680.000000,31587911680.000000,31589199872.000000,31590486016.000000,31591774208.000000,31593060352.000000,31594344448.000000,31595632640.000000,31596918784.000000,31598202880.000000,31599489024.000000,31600781312.000000,31602063360.000000,31603351552.000000,31604635648.000000,31605921792.000000,31607205888.000000,31608494080.000000,31609780224.000000,31611064320.000000,31612352512.000000,31613638656.000000,31614924800.000000,31616210944.000000,31617497088.000000,31618783232.000000,31620067328.000000,31621357568.000000,31622641664.000000,31623923712.000000,31625213952.000000,31626504192.000000,31627782144.000000,31629074432.000000,31630352384.000000,31631644672.000000,31632932864.000000,31634214912.000000,31635496960.000000,31636787200.000000,31638073344.000000,31639359488.000000,31640645632.000000,31641931776.000000,31643217920.000000,31644504064.000000,31645790208.000000,31647072256.000000,31648362496.000000,31649644544.000000,31650934784.000000,31652220928.000000,31653505024.000000,31654793216.000000,31656081408.000000,31657365504.000000,31658651648.000000,31659937792.000000,31661221888.000000,31662510080.000000,31663794176.000000,31665076224.000000,31666366464.000000,31667652608.000000,31668940800.000000,31670224896.000000,31671513088.000000,31672797184.000000,31674081280.000000,31675369472.000000,31676653568.000000,31677939712.000000,31679229952.000000,31680514048.000000,31681796096.000000,31683084288.000000,31684370432.000000,31685656576.000000,31686942720.000000,31688228864.000000,31689519104.000000,31690801152.000000,31692087296.000000,31693373440.000000,31694659584.000000,31695945728.000000,31697231872.000000,31698518016.000000,31699804160.000000,31701092352.000000,31702376448.000000,31703660544.000000,31704952832.000000,31706234880.000000,31707518976.000000,31708811264.000000,31710101504.000000
31948371968.000000,31949674496.000000,31950974976.000000,31952279552.000000,31953582080.000000,31954882560.000000,31956178944.000000,31957485568.000000,31958786048.000000,31960088576.000000,31961391104.000000,31962691584.000000,31963998208.000000,31965300736.000000,31966603264.000000,31967901696.000000,31969206272.000000,31970506752.000000,31971809280.000000,31973111808.000000,31974416384.000000,31975716864.000000,31977021440.000000,31978323968.000000,31979626496.000000,31980929024.000000,31982231552.000000,31983532032.000000,31984836608.000000,31986135040.000000,31987437568.000000,31988744192.000000,31990040576.000000,31991347200.000000,31992649728.000000,31993952256.000000,31995254784.000000,31996555264.000000,31997859840.000000,31999162368.000000,32000462848.000000,32001765376.000000,32003067904.000000,32004372480.000000,32005677056.000000,32006977536.000000,32008282112.000000,32009582592.000000,32010885120.000000,32012187648.000000,32013490176.000000,32014790656.000000,32016095232.000000,32017395712.000000,32018698240.000000,32020002816.000000,32021305344.000000,32022607872.000000,32023912448.000000,32025208832.000000,32026511360.000000,32027817984.000000,32029124608.000000,32030420992.000000,32031727616.000000,32033034240.000000,32034328576.000000,32035627008.000000,32036933632.000000,32038236160.000000,32039538688.000000,32040839168.000000,32042143744.000000,32043446272.000000,32044748800.000000,32046051328.000000,32047353856.000000,32048656384.000000,32049958912.000000,32051261440.000000,32052559872.000000,32053866496.000000,32055169024.000000,32056471552.000000,32057774080.000000,32059074560.000000,32060375040.000000,32061679616.000000,32062984192.000000,32064286720.000000,32065589248.000000,32066889728.000000,32068192256.000000,32069494784.000000,32070795264.000000,32072099840.000000,32073402368.000000,32074706944.000000,32076007424.000000,32077309952.000000,32078612480.000000,32079915008.000000,32081217536.000000,32082520064.000000,32083822592.000000,32085125120.000000,32086427648.000000,32087730176.000000,32089032704.000000,32090335232.000000,32091637760.000000,32092940288.000000,32094240768.000000,32095543296.000000,32096845824.000000,32098148352.000000,32099450880.000000,32100753408.000000,32102053888.000000,32103360512.000000,32104663040.000000,32105963520.000000,32107266048.000000,32108570624.000000,32109873152.000000,32111167488.000000,32112467968.000000,32113774592.000000
32349976576.000000,32351287296.000000,32352600064.000000,32353923072.000000,32355252224.000000,32356569088.000000,32357881856.000000,32359198720.000000,32360521728.000000,32361840640.000000,32363157504.000000,32364480512.000000,32365797376.000000,32367114240.000000,32368435200.000000,32369754112.000000,32371073024.000000,32372391936.000000,32373710848.000000,32375025664.000000,32376348672.000000,32377667584.000000,32378986496.000000,32380305408.000000,32381624320.000000,32382941184.000000,32384258048.000000,32385579008.000000,32386899968.000000,32388216832.000000,32389535744.000000,32390856704.000000,32392169472.000000,32393492480.000000,32394809344.000000,32396130304.000000,32397449216.000000,32398766080.000000,32400084992.000000,32401403904.000000,32402722816.000000,32404043776.000000,32405362688.000000,32406677504.000000,32408002560.000000,32409321472.000000,32410638336.000000,32411957248.000000,32413276160.000000,32414593024.000000,32415911936.000000,32417232896.000000,32418551808.000000,32419866624.000000,32421187584.000000,32422508544.000000,32423827456.000000,32425146368.000000,32426467328.000000,32427782144.000000,32429099008.000000,32430419968.000000,32431745024.000000,32433055744.000000,32434380800.000000,32435691520.000000,32437014528.000000,32438337536.000000,32439652352.000000,32440971264.000000,32442292224.000000,32443607040.000000,32444928000.000000,32446246912.000000,32447565824.000000,32448884736.000000,32450203648.000000,32451522560.000000,32452839424.000000,32454158336.000000,32455475200.000000,32456798208.000000,32458115072.000000,32459433984.000000,32460754944.000000,32462071808.000000,32463392768.000000,32464709632.000000,32466030592.000000,32467347456.000000,32468668416.000000,32469985280.000000,32471300096.000000,32472623104.000000,32473942016.000000,32475260928.000000,32476579840.000000,32477900800.000000,32479215616.000000,32480534528.000000,32481855488.000000,32483174400.000000,32484493312.000000,32485810176.000000,32487131136.000000,32488448000.000000,32489766912.000000,32491085824.000000,32492404736.000000,32493723648.000000,32495040512.000000,32496363520.000000,32497680384.000000,32499003392.000000,32500318208.000000,32501637120.000000,32502956032.000000,32504274944.000000,32505595904.000000,32506912768.000000,32508233728.000000,32509554688.000000,32510867456.000000,32512184320.000000,32513507328.000000,32514834432.000000,32516149248.000000,32517462016.000000
32751581184.000000,32752898048.000000,32754249728.000000,32755574784.000000,32756922368.000000,32758247424.000000,32759586816.000000,32760920064.000000,32762257408.000000,32763590656.000000,32764928000.000000,32766261248.000000,32767600640.000000,32768933888.000000,32770271232.000000,32771600384.000000,32772939776.000000,32774273024.000000,32775612416.000000,32776945664.000000,32778280960.000000,32779614208.000000,32780951552.000000,32782282752.000000,32783622144.000000,32784955392.000000,32786290688.000000,32787625984.000000,32788963328.000000,32790296576.000000,32791629824.000000,32792969216.000000,32794298368.000000,32795637760.000000,32796973056.000000,32798304256.000000,32799643648.000000,32800978944.000000,32802314240.000000,32803649536.000000,32804982784.000000,32806320128.000000,32807653376.000000,32808994816.000000,32810328064.000000,32811657216.000000,32812998656.000000,32814329856.000000,32815667200.000000,32817000448.000000,32818335744.000000,32819671040.000000,32821008384.000000,32822341632.000000,32823674880.000000,32825014272.000000,32826349568.000000,32827682816.000000,32829020160.000000,32830355456.000000,32831686656.000000,32833026048.000000,32834365440.000000,32835694592.000000,32837033984.000000,32838373376.000000,32839700480.000000,32841033728.000000,32842371072.000000,32843706368.000000,32845043712.000000,32846374912.000000,32847712256.000000,32849047552.000000,32850382848.000000,32851718144.000000,32853053440.000000,32854386688.000000,32855719936.000000,32857059328.000000,32858390528.000000,32859727872.000000,32861065216.000000,32862398464.000000,32863735808.000000,32865071104.000000,32866402304.000000,32867739648.000000,32869076992.000000,32870410240.000000,32871745536.000000,32873078784.000000,32874416128.000000,32875753472.000000,32877084672.000000,32878422016.000000,32879757312.000000,32881094656.000000,32882429952.000000,32883763200.000000,32885098496.000000,32886435840.000000,32887769088.000000,32889104384.000000,32890439680.000000,32891774976.000000,32893108224.000000,32894447616.000000,32895780864.000000,32897114112.000000,32898449408.000000,32899786752.000000,32901120000.000000,32902455296.000000,32903790592.000000,32905127936.000000,32906461184.000000,32907796480.000000,32909131776.000000,32910467072.000000,32911804416.000000,32913135616.000000,32914472960.000000,32915810304.000000,32917145600.000000,32918478848.000000,32919805952.000000,32921157632.000000
33153185792.000000,33154539520.000000,33155874816.000000,33157234688.000000,33158592512.000000,33159936000.000000,33161287680.000000,33162643456.000000,33163993088.000000,33165342720.000000,33166694400.000000,33168046080.000000,33169399808.000000,33170747392.000000,33172101120.000000,33173454848.000000,33174806528.000000,33176154112.000000,33177509888.000000,33178859520.000000,33180213248.000000,33181564928.000000,33182916608.000000,33184266240.000000,33185619968.000000,33186971648.000000,33188319232.000000,33189675008.000000,33191026688.000000,33192374272.000000,33193728000.000000,33195081728.000000,33196427264.000000,33197783040.000000,33199132672.000000,33200488448.000000,33201838080.000000,33203187712.000000,33204541440.000000,33205893120.000000,33207242752.000000,33208594432.000000,33209952256.000000,33211299840.000000,33212651520.000000,33214003200.000000,33215354880.000000,33216706560.000000,33218058240.000000,33219407872.000000,33220759552.000000,33222115328.000000,33223464960.000000,33224812544.000000,33226168320.000000,33227520000.000000,33228871680.000000,33230221312.000000,33231577088.000000,33232924672.000000,33234274304.000000,33235630080.000000,33236983808.000000,33238329344.000000,33239687168.000000,33241030656.000000,33242388480.000000,33243742208.000000,33245089792.000000,33246439424.000000,33247793152.000000,33249144832.000000,33250496512.000000,33251848192.000000,33253199872.000000,33254549504.000000,33255903232.000000,33257252864.000000,33258602496.000000,33259958272.000000,33261305856.000000,33262659584.000000,33264013312.000000,33265364992.000000,33266716672.000000,33268070400.000000,33269420032.000000,33270771712.000000,33272123392.000000,33273470976.000000,33274822656.000000,33276178432.000000,33277523968.000000,33278877696.000000,33280231424.000000,33281583104.000000,33282934784.000000,33284288512.000000,33285638144.000000,33286987776.000000,33288341504.000000,33289691136.000000,33291042816.000000,33292398592.000000,33293748224.000000,33295095808.000000,33296449536.000000,33297801216.000000,33299152896.000000,33300502528.000000,33301856256.000000,33303209984.000000,33304559616.000000,33305911296.000000,33307262976.000000,33308618752.000000,33309966336.000000,33311320064.000000,33312669696.000000,33314021376.000000,33315375104.000000,33316724736.000000,33318074368.000000,33319432192.000000,33320779776.000000,33322129408.000000,33323487232.000000,33324838912.000000
33554790400.000000,33556158464.000000,33557524480.000000,33558894592.000000,33560262656.000000,33561624576.000000,33562990592.000000,33564358656.000000,33565728768.000000,33567092736.000000,33568464896.000000,33569830912.000000,33571203072.000000,33572569088.000000,33573935104.000000,33575305216.000000,33576673280.000000,33578039296.000000,33579407360.000000,33580773376.000000,33582145536.000000,33583511552.000000,33584881664.000000,33586247680.000000,33587615744.000000,33588985856.000000,33590353920.000000,33591719936.000000,33593088000.000000,33594456064.000000,33595822080.000000,33597194240.000000,33598556160.000000,33599928320.000000,33601296384.000000,33602662400.000000,33604032512.000000,33605400576.000000,33606764544.000000,33608136704.000000,33609502720.000000,33610870784.000000,33612238848.000000,33613608960.000000,33614979072.000000,33616343040.000000,33617715200.000000,33619079168.000000,33620449280.000000,33621819392.000000,33623185408.000000,33624551424.000000,33625921536.000000,33627289600.000000,33628655616.000000,33630023680.000000,33631393792.000000,33632759808.000000,33634131968.000000,33635495936.000000,33636864000.000000,33638234112.000000,33639606272.000000,33640970240.000000,33642340352.000000,33643708416.000000,33645072384.000000,33646436352.000000,33647808512.000000,33649176576.000000,33650544640.000000,33651910656.000000,33653280768.000000,33654648832.000000,33656020992.000000,33657384960.000000,33658753024.000000,33660116992.000000,33661489152.000000,33662857216.000000,33664221184.000000,33665593344.000000,33666961408.000000,33668329472.000000,33669697536.000000,33671065600.000000,33672429568.000000,33673799680.000000,33675167744.000000,33676537856.000000,33677905920.000000,33679271936.000000,33680640000.000000,33682008064.000000,33683374080.000000,33684744192.000000,33686112256.000000,33687482368.000000,33688848384.000000,33690214400.000000,33691584512.000000,33692952576.000000,33694320640.000000,33695686656.000000,33697056768.000000,33698426880.000000,33699792896.000000,33701163008.000000,33702529024.000000,33703895040.000000,33705265152.000000,33706635264.000000,33707999232.000000,33709367296.000000,33710735360.000000,33712103424.000000,33713471488.000000,33714839552.000000,33716205568.000000,33717575680.000000,33718945792.000000,33720311808.000000,33721679872.000000,33723047936.000000,33724418048.000000,33725775872.000000,33727141888.000000,33728514048.000000
33956395008.000000,33957771264.000000,33959149568.000000,33960536064.000000,33961932800.000000,33963315200.000000,33964693504.000000,33966077952.000000,33967464448.000000,33968848896.000000,33970231296.000000,33971617792.000000,33973002240.000000,33974386688.000000,33975771136.000000,33977153536.000000,33978540032.000000,33979924480.000000,33981308928.000000,33982689280.000000,33984077824.000000,33985460224.000000,33986846720.000000,33988231168.000000,33989613568.000000,33990998016.000000,33992382464.000000,33993766912.000000,33995151360.000000,33996535808.000000,33997920256.000000,33999306752.000000,34000685056.000000,34002073600.000000,34003456000.000000,34004840448.000000,34006226944.000000,34007611392.000000,34008993792.000000,34010380288.000000,34011762688.000000,34013149184.000000,34014533632.000000,34015913984.000000,34017304576.000000,34018689024.000000,34020071424.000000,34021455872.000000,34022840320.000000,34024220672.000000,34025605120.000000,34026993664.000000,34028378112.000000,34029758464.000000,34031144960.000000,34032531456.000000,34033915904.000000,34035298304.000000,34036686848.000000,34038067200.000000,34039449600.000000,34040838144.000000,34042224640.000000,34043602944.000000,34044993536.000000,34046369792.000000,34047758336.000000,34049144832.000000,34050527232.000000,34051911680.000000,34053298176.000000,34054680576.000000,34056065024.000000,34057449472.000000,34058833920.000000,34060216320.000000,34061602816.000000,34062987264.000000,34064369664.000000,34065756160.000000,34067136512.000000,34068525056.000000,34069907456.000000,34071291904.000000,34072678400.000000,34074060800.000000,34075447296.000000,34076827648.000000,34078214144.000000,34079598592.000000,34080980992.000000,34082367488.000000,34083751936.000000,34085138432.000000,34086520832.000000,34087905280.000000,34089289728.000000,34090676224.000000,34092056576.000000,34093441024.000000,34094827520.000000,34096209920.000000,34097596416.000000,34098978816.000000,34100365312.000000,34101749760.000000,34103132160.000000,34104516608.000000,34105901056.000000,34107285504.000000,34108672000.000000,34110054400.000000,34111438848.000000,34112827392.000000,34114207744.000000,34115592192.000000,34116976640.000000,34118365184.000000,34119747584.000000,34121129984.000000,34122516480.000000,34123902976.000000,34125281280.000000,34126663680.000000,34128052224.000000,34129444864.000000,34130825216.000000,34132203520.000000
34357999616.000000,34359382016.000000,34360799232.000000,34362191872.000000,34363600896.000000,34364993536.000000,34366398464.000000,34367799296.000000,34369200128.000000,34370600960.000000,34372001792.000000,34373398528.000000,34374803456.000000,34376200192.000000,34377601024.000000,34379001856.000000,34380406784.000000,34381807616.000000,34383204352.000000,34384609280.000000,34386010112.000000,34387410944.000000,34388811776.000000,34390208512.000000,34391609344.000000,34393010176.000000,34394411008.000000,34395815936.000000,34397212672.000000,34398617600.000000,34400014336.000000,34401419264.000000,34402811904.000000,34404216832.000000,34405617664.000000,34407018496.000000,34408419328.000000,34409824256.000000,34411216896.000000,34412625920.000000,34414022656.000000,34415427584.000000,34416824320.000000,34418225152.000000,34419630080.000000,34421026816.000000,34422427648.000000,34423828480.000000,34425229312.000000,34426634240.000000,34428030976.000000,34429427712.000000,34430832640.000000,34432233472.000000,34433630208.000000,34435039232.000000,34436435968.000000,34437836800.000000,34439237632.000000,34440642560.000000,34442039296.000000,34443440128.000000,34444845056.000000,34446241792.000000,34447646720.000000,34449051648.000000,34450444288.000000,34451841024.000000,34453245952.000000,34454650880.000000,34456043520.000000,34457444352.000000,34458849280.000000,34460254208.000000,34461650944.000000,34463051776.000000,34464452608.000000,34465853440.000000,34467250176.000000,34468655104.000000,34470051840.000000,34471452672.000000,34472857600.000000,34474254336.000000,34475659264.000000,34477056000.000000,34478456832.000000,34479857664.000000,34481262592.000000,34482659328.000000,34484064256.000000,34485465088.000000,34486865920.000000,34488262656.000000,34489663488.000000,34491064320.000000,34492469248.000000,34493870080.000000,34495266816.000000,34496667648.000000,34498072576.000000,34499469312.000000,34500874240.000000,34502270976.000000,34503675904.000000,34505076736.000000,34506473472.000000,34507878400.000000,34509279232.000000,34510675968.000000,34512076800.000000,34513477632.000000,34514878464.000000,34516279296.000000,34517680128.000000,34519080960.000000,34520481792.000000,34521882624.000000,34523283456.000000,34524684288.000000,34526089216.000000,34527481856.000000,34528886784.000000,34530287616.000000,34531692544.000000,34533089280.000000,34534481920.000000,34535899136.000000
34759602176.000000,34761023488.000000,34762424320.000000,34763849728.000000,34765271040.000000,34766680064.000000,34768101376.000000,34769522688.000000,34770935808.000000,34772348928.000000,34773770240.000000,34775187456.000000,34776604672.000000,34778017792.000000,34779439104.000000,34780856320.000000,34782273536.000000,34783686656.000000,34785107968.000000,34786525184.000000,34787942400.000000,34789359616.000000,34790776832.000000,34792194048.000000,34793607168.000000,34795028480.000000,34796445696.000000,34797862912.000000,34799280128.000000,34800693248.000000,34802114560.000000,34803531776.000000,34804940800.000000,34806366208.000000,34807779328.000000,34809196544.000000,34810613760.000000,34812035072.000000,34813452288.000000,34814865408.000000,34816282624.000000,34817699840.000000,34819121152.000000,34820538368.000000,34821955584.000000,34823368704.000000,34824785920.000000,34826203136.000000,34827620352.000000,34829041664.000000,34830454784.000000,34831872000.000000,34833289216.000000,34834710528.000000,34836127744.000000,34837540864.000000,34838958080.000000,34840375296.000000,34841796608.000000,34843205632.000000,34844622848.000000,34846048256.000000,34847465472.000000,34848874496.000000,34850299904.000000,34851708928.000000,34853134336.000000,34854551552.000000,34855964672.000000,34857377792.000000,34858799104.000000,34860216320.000000,34861633536.000000,34863050752.000000,34864467968.000000,34865885184.000000,34867302400.000000,34868719616.000000,34870136832.000000,34871554048.000000,34872967168.000000,34874388480.000000,34875805696.000000,34877218816.000000,34878640128.000000,34880061440.000000,34881474560.000000,34882891776.000000,34884308992.000000,34885726208.000000,34887139328.000000,34888556544.000000,34889977856.000000,34891395072.000000,34892808192.000000,34894229504.000000,34895646720.000000,34897063936.000000,34898477056.000000,34899894272.000000,34901315584.000000,34902728704.000000,34904145920.000000,34905567232.000000,34906984448.000000,34908397568.000000,34909814784.000000,34911232000.000000,34912649216.000000,34914066432.000000,34915483648.000000,34916900864.000000,34918318080.000000,34919735296.000000,34921152512.000000,34922569728.000000,34923986944.000000,34925404160.000000,34926821376.000000,34928238592.000000,34929659904.000000,34931073024.000000,34932486144.000000,34933911552.000000,34935324672.000000,34936741888.000000,34938163200.000000,34939584512.000000
35161206784.000000,35162640384.000000,35164073984.000000,35165511680.000000,35166941184.000000,35168370688.000000,35169800192.000000,35171233792.000000,35172671488.000000,35174105088.000000,35175538688.000000,35176972288.000000,35178405888.000000,35179839488.000000,35181268992.000000,35182702592.000000,35184140288.000000,35185569792.000000,35187003392.000000,35188436992.000000,35189874688.000000,35191304192.000000,35192741888.000000,35194175488.000000,35195604992.000000,35197042688.000000,35198476288.000000,35199905792.000000,35201339392.000000,35202772992.000000,35204206592.000000,35205644288.000000,35207069696.000000,35208507392.000000,35209940992.000000,35211374592.000000,35212808192.000000,35214241792.000000,35215671296.000000,35217108992.000000,35218542592.000000,35219976192.000000,35221409792.000000,35222843392.000000,35224281088.000000,35225710592.000000,35227148288.000000,35228573696.000000,35230011392.000000,35231444992.000000,35232878592.000000,35234312192.000000,35235745792.000000,35237179392.000000,35238612992.000000,35240046592.000000,35241480192.000000,35242913792.000000,35244347392.000000,35245776896.000000,35247214592.000000,35248648192.000000,35250085888.000000,35251515392.000000,35252953088.000000,35254386688.000000,35255816192.000000,35257245696.000000,35258683392.000000,35260116992.000000,35261550592.000000,35262984192.000000,35264417792.000000,35265851392.000000,35267289088.000000,35268718592.000000,35270152192.000000,35271585792.000000,35273019392.000000,35274452992.000000,35275882496.000000,35277320192.000000,35278753792.000000,35280187392.000000,35281620992.000000,35283054592.000000,35284484096.000000,35285921792.000000,35287355392.000000,35288788992.000000,35290222592.000000,35291656192.000000,35293089792.000000,35294523392.000000,35295952896.000000,35297390592.000000,35298824192.000000,35300257792.000000,35301691392.000000,35303124992.000000,35304558592.000000,35305992192.000000,35307425792.000000,35308859392.000000,35310292992.000000,35311726592.000000,35313160192.000000,35314593792.000000,35316027392.000000,35317460992.000000,35318890496.000000,35320324096.000000,35321757696.000000,35323191296.000000,35324624896.000000,35326058496.000000,35327492096.000000,35328925696.000000,35330359296.000000,35331796992.000000,35333230592.000000,35334660096.000000,35336093696.000000,35337531392.000000,35338964992.000000,35340390400.000000,35341819904.000000,35343257600.000000
35562811392.000000,35564257280.000000,35565699072.000000,35567149056.000000,35568611328.000000,35570061312.000000,35571507200.000000,35572953088.000000,35574407168.000000,35575857152.000000,35577307136.000000,35578753024.000000,35580207104.000000,35581657088.000000,35583107072.000000,35584552960.000000,35586002944.000000,35587452928.000000,35588907008.000000,35590356992.000000,35591806976.000000,35593252864.000000,35594706944.000000,35596156928.000000,35597602816.000000,35599056896.000000,35600506880.000000,35601956864.000000,35603402752.000000,35604852736.000000,35606306816.000000,35607756800.000000,35609198592.000000,35610652672.000000,35612102656.000000,35613552640.000000,35615002624.000000,35616452608.000000,35617902592.000000,35619352576.000000,35620802560.000000,35622252544.000000,35623706624.000000,35625152512.000000,35626606592.000000,35628052480.000000,35629506560.000000,35630956544.000000,35632402432.000000,35633852416.000000,35635302400.000000,35636756480.000000,35638202368.000000,35639648256.000000,35641102336.000000,35642556416.000000,35644002304.000000,35645452288.000000,35646906368.000000,35648352256.000000,35649798144.000000,35651252224.000000,35652706304.000000,35654152192.000000,35655606272.000000,35657048064.000000,35658502144.000000,35659956224.000000,35661402112.000000,35662852096.000000,35664306176.000000,35665756160.000000,35667202048.000000,35668652032.000000,35670102016.000000,35671552000.000000,35673001984.000000,35674451968.000000,35675897856.000000,35677356032.000000,35678797824.000000,35680251904.000000,35681697792.000000,35683151872.000000,35684601856.000000,35686047744.000000,35687501824.000000,35688951808.000000,35690401792.000000,35691847680.000000,35693297664.000000,35694751744.000000,35696201728.000000,35697647616.000000,35699097600.000000,35700547584.000000,35702001664.000000,35703451648.000000,35704897536.000000,35706347520.000000,35707801600.000000,35709247488.000000,35710697472.000000,35712147456.000000,35713601536.000000,35715047424.000000,35716497408.000000,35717947392.000000,35719397376.000000,35720847360.000000,35722297344.000000,35723751424.000000,35725197312.000000,35726651392.000000,35728097280.000000,35729547264.000000,35730997248.000000,35732447232.000000,35733897216.000000,35735347200.000000,35736801280.000000,35738251264.000000,35739693056.000000,35741143040.000000,35742597120.000000,35744055296.000000,35745501184.000000,35746947072.000000
35964416000.000000,35965865984.000000,35967348736.000000,35968806912.000000,35970277376.000000,35971739648.000000,35973206016.000000,35974680576.000000,35976142848.000000,35977609216.000000,35979071488.000000,35980541952.000000,35982008320.000000,35983470592.000000,35984936960.000000,35986407424.000000,35987869696.000000,35989340160.000000,35990802432.000000,35992276992.000000,35993739264.000000,35995201536.000000,35996667904.000000,35998138368.000000,35999600640.000000,36001071104.000000,36002533376.000000,36004007936.000000,36005470208.000000,36006932480.000000,36008398848.000000,36009869312.000000,36011331584.000000,36012797952.000000,36014264320.000000,36015730688.000000,36017201152.000000,36018663424.000000,36020129792.000000,36021600256.000000,36023062528.000000,36024528896.000000,36025995264.000000,36027469824.000000,36028932096.000000,36030394368.000000,36031864832.000000,36033331200.000000,36034797568.000000,36036259840.000000,36037726208.000000,36039192576.000000,36040658944.000000,36042125312.000000,36043587584.000000,36045062144.000000,36046528512.000000,36047990784.000000,36049457152.000000,36050927616.000000,36052389888.000000,36053856256.000000,36055326720.000000,36056793088.000000,36058259456.000000,36059725824.000000,36061188096.000000,36062654464.000000,36064120832.000000,36065587200.000000,36067049472.000000,36068524032.000000,36069986304.000000,36071452672.000000,36072919040.000000,36074389504.000000,36075851776.000000,36077318144.000000,36078780416.000000,36080254976.000000,36081713152.000000,36083183616.000000,36084645888.000000,36086112256.000000,36087582720.000000,36089049088.000000,36090511360.000000,36091977728.000000,36093448192.000000,36094914560.000000,36096376832.000000,36097843200.000000,36099313664.000000,36100775936.000000,36102242304.000000,36103708672.000000,36105175040.000000,36106645504.000000,36108107776.000000,36109574144.000000,36111044608.000000,36112510976.000000,36113973248.000000,36115435520.000000,36116910080.000000,36118372352.000000,36119838720.000000,36121305088.000000,36122775552.000000,36124241920.000000,36125704192.000000,36127170560.000000,36128641024.000000,36130103296.000000,36131569664.000000,36133036032.000000,36134506496.000000,36135968768.000000,36137435136.000000,36138897408.000000,36140371968.000000,36141830144.000000,36143300608.000000,36144762880.000000,36146237440.000000,36147699712.000000,36149157888.000000,36150636544.000000
36366020608.000000,36367503360.000000,36368977920.000000,36370464768.000000,36371947520.000000,36373426176.000000,36374913024.000000,36376395776.000000,36377878528.000000,36379357184.000000,36380844032.000000,36382326784.000000,36383805440.000000,36385288192.000000,36386775040.000000,36388257792.000000,36389736448.000000,36391219200.000000,36392706048.000000,36394184704.000000,36395667456.000000,36397154304.000000,36398637056.000000,36400119808.000000,36401598464.000000,36403085312.000000,36404568064.000000,36406050816.000000,36407529472.000000,36409016320.000000,36410494976.000000,36411977728.000000,36413460480.000000,36414943232.000000,36416425984.000000,36417908736.000000,36419391488.000000,36420878336.000000,36422356992.000000,36423839744.000000,36425322496.000000,36426805248.000000,36428296192.000000,36429774848.000000,36431257600.000000,36432740352.000000,36434219008.000000,36435701760.000000,36437188608.000000,36438667264.000000,36440154112.000000,36441636864.000000,36443111424.000000,36444598272.000000,36446081024.000000,36447563776.000000,36449050624.000000,36450529280.000000,36452016128.000000,36453498880.000000,36454977536.000000,36456464384.000000,36457947136.000000,36459421696.000000,36460912640.000000,36462387200.000000,36463878144.000000,36465360896.000000,36466835456.000000,36468322304.000000,36469805056.000000,36471287808.000000,36472770560.000000,36474253312.000000,36475740160.000000,36477218816.000000,36478697472.000000,36480184320.000000,36481667072.000000,36483149824.000000,36484628480.000000,36486115328.000000,36487602176.000000,36489080832.000000,36490563584.000000,36492050432.000000,36493529088.000000,36495011840.000000,36496494592.000000,36497973248.000000,36499456000.000000,36500938752.000000,36502417408.000000,36503908352.000000,36505391104.000000,36506869760.000000,36508352512.000000,36509839360.000000,36511318016.000000,36512800768.000000,36514283520.000000,36515770368.000000,36517249024.000000,36518731776.000000,36520218624.000000,36521697280.000000,36523180032.000000,36524662784.000000,36526145536.000000,36527628288.000000,36529111040.000000,36530593792.000000,36532080640.000000,36533559296.000000,36535037952.000000,36536528896.000000,36538007552.000000,36539490304.000000,36540973056.000000,36542451712.000000,36543942656.000000,36545421312.000000,36546895872.000000,36548390912.000000,36549869568.000000,36551344128.000000,36552839168.000000,36554321920.000000
36767625216.000000,36769124352.000000,36770623488.000000,36772126720.000000,36773617664.000000,36775108608.000000,36776611840.000000,36778110976.000000,36779614208.000000,36781105152.000000,36782612480.000000,36784107520.000000,36785610752.000000,36787105792.000000,36788604928.000000,36790104064.000000,36791603200.000000,36793102336.000000,36794601472.000000,36796100608.000000,36797603840.000000,36799098880.000000,36800602112.000000,36802097152.000000,36803596288.000000,36805095424.000000,36806598656.000000,36808093696.000000,36809596928.000000,36811091968.000000,36812595200.000000,36814094336.000000,36815589376.000000,36817088512.000000,36818587648.000000,36820086784.000000,36821590016.000000,36823085056.000000,36824588288.000000,36826083328.000000,36827582464.000000,36829081600.000000,36830580736.000000,36832079872.000000,36833583104.000000,36835078144.000000,36836581376.000000,36838076416.000000,36839579648.000000,36841074688.000000,36842577920.000000,36844072960.000000,36845572096.000000,36847071232.000000,36848570368.000000,36850069504.000000,36851572736.000000,36853071872.000000,36854566912.000000,36856066048.000000,36857565184.000000,36859064320.000000,36860567552.000000,36862062592.000000,36863565824.000000,36865064960.000000,36866560000.000000,36868059136.000000,36869562368.000000,36871053312.000000,36872556544.000000,36874055680.000000,36875554816.000000,36877049856.000000,36878553088.000000,36880048128.000000,36881551360.000000,36883050496.000000,36884549632.000000,36886048768.000000,36887543808.000000,36889042944.000000,36890546176.000000,36892041216.000000,36893544448.000000,36895043584.000000,36896538624.000000,36898037760.000000,36899540992.000000,36901040128.000000,36902535168.000000,36904034304.000000,36905537536.000000,36907032576.000000,36908531712.000000,36910030848.000000,36911529984.000000,36913033216.000000,36914532352.000000,36916027392.000000,36917530624.000000,36919025664.000000,36920528896.000000,36922023936.000000,36923527168.000000,36925026304.000000,36926525440.000000,36928024576.000000,36929523712.000000,36931018752.000000,36932521984.000000,36934021120.000000,36935520256.000000,36937015296.000000,36938518528.000000,36940013568.000000,36941516800.000000,36943007744.000000,36944510976.000000,36946010112.000000,36947513344.000000,36949008384.000000,36950507520.000000,36952006656.000000,36953509888.000000,36954996736.000000,36956495872.000000,36957999104.000000
37169229824.000000,37170741248.000000,37172248576.000000,37173764096.000000,37175287808.000000,37176811520.000000,37178318848.000000,37179830272.000000,37181349888.000000,37182865408.000000,37184380928.000000,37185896448.000000,37187407872.000000,37188927488.000000,37190443008.000000,37191954432.000000,37193469952.000000,37194981376.000000,37196505088.000000,37198020608.000000,37199532032.000000,37201047552.000000,37202567168.000000,37204082688.000000,37205594112.000000,37207113728.000000,37208625152.000000,37210144768.000000,37211656192.000000,37213167616.000000,37214687232.000000,37216206848.000000,37217718272.000000,37219233792.000000,37220749312.000000,37222268928.000000,37223780352.000000,37225295872.000000,37226811392.000000,37228331008.000000,37229842432.000000,37231357952.000000,37232873472.000000,37234388992.000000,37235908608.000000,37237420032.000000,37238939648.000000,37240451072.000000,37241970688.000000,37243482112.000000,37244997632.000000,37246517248.000000,37248024576.000000,37249544192.000000,37251059712.000000,37252575232.000000,37254094848.000000,37255606272.000000,37257125888.000000,37258637312.000000,37260152832.000000,37261672448.000000,37263187968.000000,37264695296.000000,37266219008.000000,37267726336.000000,37269245952.000000,37270769664.000000,37272276992.000000,37273792512.000000,37275312128.000000,37276823552.000000,37278339072.000000,37279854592.000000,37281370112.000000,37282885632.000000,37284397056.000000,37285916672.000000,37287428096.000000,37288947712.000000,37290459136.000000,37291978752.000000,37293498368.000000,37295009792.000000,37296525312.000000,37298036736.000000,37299556352.000000,37301067776.000000,37302587392.000000,37304098816.000000,37305614336.000000,37307133952.000000,37308641280.000000,37310160896.000000,37311676416.000000,37313196032.000000,37314707456.000000,37316222976.000000,37317738496.000000,37319258112.000000,37320769536.000000,37322285056.000000,37323800576.000000,37325316096.000000,37326835712.000000,37328347136.000000,37329862656.000000,37331382272.000000,37332893696.000000,37334409216.000000,37335924736.000000,37337440256.000000,37338959872.000000,37340471296.000000,37341986816.000000,37343502336.000000,37345017856.000000,37346537472.000000,37348048896.000000,37349564416.000000,37351084032.000000,37352595456.000000,37354106880.000000,37355626496.000000,37357142016.000000,37358665728.000000,37360173056.000000,37361684480.000000
37570834432.000000,37572354048.000000,37573898240.000000,37575421952.000000,37576957952.000000,37578489856.000000,37580017664.000000,37581557760.000000,37583081472.000000,37584621568.000000,37586145280.000000,37587681280.000000,37589213184.000000,37590745088.000000,37592272896.000000,37593808896.000000,37595336704.000000,37596872704.000000,37598400512.000000,37599936512.000000,37601468416.000000,37602996224.000000,37604532224.000000,37606060032.000000,37607591936.000000,37609123840.000000,37610655744.000000,37612191744.000000,37613723648.000000,37615251456.000000,37616787456.000000,37618315264.000000,37619847168.000000,37621383168.000000,37622910976.000000,37624438784.000000,37625978880.000000,37627510784.000000,37629042688.000000,37630570496.000000,37632102400.000000,37633638400.000000,37635166208.000000,37636694016.000000,37638234112.000000,37639766016.000000,37641297920.000000,37642829824.000000,37644357632.000000,37645893632.000000,37647425536.000000,37648953344.000000,37650481152.000000,37652021248.000000,37653544960.000000,37655076864.000000,37656612864.000000,37658148864.000000,37659676672.000000,37661204480.000000,37662740480.000000,37664276480.000000,37665808384.000000,37667336192.000000,37668872192.000000,37670408192.000000,37671931904.000000,37673459712.000000,37674999808.000000,37676531712.000000,37678059520.000000,37679591424.000000,37681123328.000000,37682659328.000000,37684191232.000000,37685719040.000000,37687250944.000000,37688786944.000000,37690310656.000000,37691842560.000000,37693378560.000000,37694914560.000000,37696438272.000000,37697970176.000000,37699506176.000000,37701033984.000000,37702565888.000000,37704097792.000000,37705633792.000000,37707161600.000000,37708693504.000000,37710229504.000000,37711761408.000000,37713289216.000000,37714817024.000000,37716357120.000000,37717884928.000000,37719420928.000000,37720944640.000000,37722484736.000000,37724016640.000000,37725548544.000000,37727076352.000000,37728608256.000000,37730144256.000000,37731672064.000000,37733199872.000000,37734735872.000000,37736267776.000000,37737803776.000000,37739331584.000000,37740867584.000000,37742399488.000000,37743923200.000000,37745459200.000000,37746991104.000000,37748527104.000000,37750050816.000000,37751586816.000000,37753118720.000000,37754658816.000000,37756174336.000000,37757714432.000000,37759246336.000000,37760786432.000000,37762306048.000000,37763833856.000000,37765382144.000000
37972439040.000000,37973991424.000000,37975527424.000000,37977083904.000000,37978628096.000000,37980172288.000000,37981724672.000000,37983272960.000000,37984817152.000000,37986369536.000000,37987917824.000000,37989466112.000000,37991010304.000000,37992558592.000000,37994110976.000000,37995655168.000000,37997203456.000000,37998755840.000000,38000304128.000000,38001852416.000000,38003400704.000000,38004948992.000000,38006497280.000000,38008041472.000000,38009589760.000000,38011142144.000000,38012690432.000000,38014234624.000000,38015787008.000000,38017331200.000000,38018879488.000000,38020431872.000000,38021976064.000000,38023524352.000000,38025072640.000000,38026620928.000000,38028173312.000000,38029721600.000000,38031265792.000000,38032814080.000000,38034362368.000000,38035910656.000000,38037467136.000000,38039011328.000000,38040559616.000000,38042103808.000000,38043652096.000000,38045200384.000000,38046748672.000000,38048296960.000000,38049849344.000000,38051393536.000000,38052937728.000000,38054494208.000000,38056038400.000000,38057586688.000000,38059134976.000000,38060687360.000000,38062239744.000000,38063779840.000000,38065328128.000000,38066880512.000000,38068428800.000000,38069968896.000000,38071525376.000000,38073069568.000000,38074621952.000000,38076170240.000000,38077718528.000000,38079258624.000000,38080811008.000000,38082363392.000000,38083907584.000000,38085459968.000000,38087008256.000000,38088552448.000000,38090096640.000000,38091649024.000000,38093197312.000000,38094745600.000000,38096293888.000000,38097846272.000000,38099394560.000000,38100938752.000000,38102487040.000000,38104035328.000000,38105583616.000000,38107131904.000000,38108680192.000000,38110224384.000000,38111772672.000000,38113320960.000000,38114865152.000000,38116417536.000000,38117969920.000000,38119518208.000000,38121062400.000000,38122618880.000000,38124163072.000000,38125703168.000000,38127255552.000000,38128803840.000000,38130352128.000000,38131904512.000000,38133452800.000000,38135001088.000000,38136541184.000000,38138089472.000000,38139637760.000000,38141190144.000000,38142738432.000000,38144290816.000000,38145839104.000000,38147383296.000000,38148927488.000000,38150475776.000000,38152028160.000000,38153576448.000000,38155124736.000000,38156673024.000000,38158229504.000000,38159769600.000000,38161309696.000000,38162866176.000000,38164414464.000000,38165958656.000000,38167515136.000000,38169071616.000000
38374043648.000000,38375608320.000000,38377172992.000000,38378741760.000000,38380298240.000000,38381858816.000000,38383423488.000000,38384988160.000000,38386552832.000000,38388117504.000000,38389682176.000000,38391246848.000000,38392815616.000000,38394376192.000000,38395940864.000000,38397505536.000000,38399070208.000000,38400634880.000000,38402199552.000000,38403764224.000000,38405332992.000000,38406893568.000000,38408462336.000000,38410027008.000000,38411587584.000000,38413152256.000000,38414716928.000000,38416281600.000000,38417850368.000000,38419410944.000000,38420975616.000000,38422544384.000000,38424104960.000000,38425673728.000000,38427234304.000000,38428798976.000000,38430367744.000000,38431932416.000000,38433497088.000000,38435061760.000000,38436622336.000000,38438187008.000000,38439751680.000000,38441316352.000000,38442885120.000000,38444445696.000000,38446010368.000000,38447575040.000000,38449139712.000000,38450704384.000000,38452269056.000000,38453833728.000000,38455398400.000000,38456963072.000000,38458527744.000000,38460092416.000000,38461657088.000000,38463221760.000000,38464786432.000000,38466351104.000000,38467915776.000000,38469480448.000000,38471049216.000000,38472609792.000000,38474178560.000000,38475743232.000000,38477303808.000000,38478868480.000000,38480437248.000000,38481997824.000000,38483562496.000000,38485127168.000000,38486691840.000000,38488260608.000000,38489821184.000000,38491385856.000000,38492950528.000000,38494519296.000000,38496079872.000000,38497644544.000000,38499213312.000000,38500773888.000000,38502338560.000000,38503903232.000000,38505467904.000000,38507032576.000000,38508597248.000000,38510161920.000000,38511726592.000000,38513295360.000000,38514851840.000000,38516416512.000000,38517985280.000000,38519545856.000000,38521110528.000000,38522679296.000000,38524243968.000000,38525808640.000000,38527373312.000000,38528933888.000000,38530502656.000000,38532067328.000000,38533632000.000000,38535192576.000000,38536761344.000000,38538321920.000000,38539890688.000000,38541455360.000000,38543020032.000000,38544584704.000000,38546149376.000000,38547714048.000000,38549278720.000000,38550843392.000000,38552408064.000000,38553972736.000000,38555537408.000000,38557102080.000000,38558666752.000000,38560235520.000000,38561800192.000000,38563360768.000000,38564925440.000000,38566490112.000000,38568058880.000000,38569619456.000000,38571175936.000000,38572740608.000000
38775648256.000000,38777225216.000000,38778802176.000000,38780375040.000000,38781968384.000000,38783557632.000000,38785134592.000000,38786707456.000000,38788288512.000000,38789873664.000000,38791454720.000000,38793035776.000000,38794612736.000000,38796201984.000000,38797778944.000000,38799355904.000000,38800936960.000000,38802513920.000000,38804103168.000000,38805684224.000000,38807265280.000000,38808846336.000000,38810427392.000000,38812008448.000000,38813585408.000000,38815166464.000000,38816751616.000000,38818332672.000000,38819913728.000000,38821490688.000000,38823075840.000000,38824656896.000000,38826233856.000000,38827814912.000000,38829391872.000000,38830977024.000000,38832562176.000000,38834139136.000000,38835720192.000000,38837301248.000000,38838882304.000000,38840463360.000000,38842044416.000000,38843625472.000000,38845210624.000000,38846787584.000000,38848372736.000000,38849953792.000000,38851530752.000000,38853111808.000000,38854692864.000000,38856273920.000000,38857850880.000000,38859436032.000000,38861021184.000000,38862602240.000000,38864179200.000000,38865764352.000000,38867345408.000000,38868922368.000000,38870503424.000000,38872088576.000000,38873673728.000000,38875246592.000000,38876831744.000000,38878404608.000000,38879993856.000000,38881574912.000000,38883151872.000000,38884732928.000000,38886313984.000000,38887899136.000000,38889476096.000000,38891057152.000000,38892634112.000000,38894219264.000000,38895796224.000000,38897381376.000000,38898958336.000000,38900547584.000000,38902128640.000000,38903705600.000000,38905282560.000000,38906863616.000000,38908448768.000000,38910025728.000000,38911610880.000000,38913191936.000000,38914772992.000000,38916354048.000000,38917931008.000000,38919512064.000000,38921089024.000000,38922674176.000000,38924255232.000000,38925840384.000000,38927421440.000000,38929002496.000000,38930579456.000000,38932160512.000000,38933741568.000000,38935322624.000000,38936903680.000000,38938488832.000000,38940069888.000000,38941650944.000000,38943227904.000000,38944808960.000000,38946390016.000000,38947966976.000000,38949552128.000000,38951137280.000000,38952718336.000000,38954295296.000000,38955876352.000000,38957457408.000000,38959038464.000000,38960615424.000000,38962196480.000000,38963781632.000000,38965370880.000000,38966943744.000000,38968520704.000000,38970101760.000000,38971686912.000000,38973272064.000000,38974849024.000000,38976421888.000000
39177252864.000000,39178838016.000000,39180443648.000000,39182041088.000000,39183638528.000000,39185235968.000000,39186829312.000000,39188434944.000000,39190024192.000000,39191625728.000000,39193219072.000000,39194824704.000000,39196418048.000000,39198015488.000000,39199608832.000000,39201214464.000000,39202807808.000000,39204405248.000000,39206002688.000000,39207596032.000000,39209197568.000000,39210790912.000000,39212392448.000000,39213985792.000000,39215587328.000000,39217184768.000000,39218782208.000000,39220379648.000000,39221977088.000000,39223574528.000000,39225171968.000000,39226769408.000000,39228362752.000000,39229960192.000000,39231557632.000000,39233155072.000000,39234756608.000000,39236349952.000000,39237947392.000000,39239548928.000000,39241138176.000000,39242739712.000000,39244337152.000000,39245942784.000000,39247536128.000000,39249129472.000000,39250731008.000000,39252324352.000000,39253921792.000000,39255519232.000000,39257120768.000000,39258714112.000000,39260311552.000000,39261908992.000000,39263506432.000000,39265107968.000000,39266701312.000000,39268298752.000000,39269900288.000000,39271497728.000000,39273091072.000000,39274688512.000000,39276290048.000000,39277887488.000000,39279484928.000000,39281082368.000000,39282675712.000000,39284277248.000000,39285874688.000000,39287472128.000000,39289061376.000000,39290667008.000000,39292264448.000000,39293857792.000000,39295455232.000000,39297056768.000000,39298650112.000000,39300247552.000000,39301844992.000000,39303446528.000000,39305039872.000000,39306637312.000000,39308230656.000000,39309836288.000000,39311429632.000000,39313022976.000000,39314620416.000000,39316217856.000000,39317819392.000000,39319412736.000000,39321010176.000000,39322607616.000000,39324209152.000000,39325802496.000000,39327395840.000000,39329001472.000000,39330598912.000000,39332196352.000000,39333785600.000000,39335391232.000000,39336988672.000000,39338582016.000000,39340175360.000000,39341776896.000000,39343378432.000000,39344975872.000000,39346565120.000000,39348170752.000000,39349768192.000000,39351365632.000000,39352954880.000000,39354556416.000000,39356157952.000000,39357751296.000000,39359348736.000000,39360946176.000000,39362547712.000000,39364141056.000000,39365738496.000000,39367327744.000000,39368941568.000000,39370526720.000000,39372128256.000000,39373717504.000000,39375331328.000000,39376920576.000000,39378505728.000000,39380115456.000000
39578857472.000000,39580475392.000000,39582076928.000000,39583694848.000000,39585304576.000000,39586918400.000000,39588540416.000000,39590150144.000000,39591759872.000000,39593377792.000000,39594995712.000000,39596601344.000000,39598215168.000000,39599833088.000000,39601446912.000000,39603056640.000000,39604674560.000000,39606288384.000000,39607902208.000000,39609511936.000000,39611129856.000000,39612743680.000000,39614357504.000000,39615971328.000000,39617585152.000000,39619194880.000000,39620808704.000000,39622422528.000000,39624040448.000000,39625654272.000000,39627264000.000000,39628877824.000000,39630491648.000000,39632109568.000000,39633719296.000000,39635333120.000000,39636946944.000000,39638560768.000000,39640174592.000000,39641788416.000000,39643398144.000000,39645020160.000000,39646638080.000000,39648247808.000000,39649861632.000000,39651475456.000000,39653085184.000000,39654699008.000000,39656312832.000000,39657934848.000000,39659544576.000000,39661154304.000000,39662768128.000000,39664381952.000000,39665995776.000000,39667609600.000000,39669223424.000000,39670837248.000000,39672455168.000000,39674064896.000000,39675682816.000000,39677296640.000000,39678910464.000000,39680520192.000000,39682138112.000000,39683743744.000000,39685365760.000000,39686979584.000000,39688593408.000000,39690203136.000000,39691812864.000000,39693434880.000000,39695048704.000000,39696658432.000000,39698276352.000000,39699886080.000000,39701495808.000000,39703113728.000000,39704727552.000000,39706341376.000000,39707955200.000000,39709564928.000000,39711186944.000000,39712796672.000000,39714410496.000000,39716028416.000000,39717634048.000000,39719251968.000000,39720865792.000000,39722475520.000000,39724089344.000000,39725707264.000000,39727316992.000000,39728934912.000000,39730544640.000000,39732158464.000000,39733776384.000000,39735386112.000000,39737004032.000000,39738613760.000000,39740227584.000000,39741845504.000000,39743459328.000000,39745069056.000000,39746686976.000000,39748292608.000000,39749910528.000000,39751524352.000000,39753134080.000000,39754756096.000000,39756365824.000000,39757975552.000000,39759597568.000000,39761207296.000000,39762812928.000000,39764439040.000000,39766048768.000000,39767662592.000000,39769276416.000000,39770882048.000000,39772512256.000000,39774117888.000000,39775723520.000000,39777349632.000000,39778959360.000000,39780573184.000000,39782191104.000000,39783804928.000000
39980462080.000000,39982092288.000000,39983722496.000000,39985352704.000000,39986978816.000000,39988600832.000000,39990235136.000000,39991861248.000000,39993495552.000000,39995121664.000000,39996755968.000000,39998386176.000000,40000020480.000000,40001646592.000000,40003276800.000000,40004902912.000000,40006541312.000000,40008167424.000000,40009801728.000000,40011427840.000000,40013062144.000000,40014688256.000000,40016322560.000000,40017948672.000000,40019582976.000000,40021209088.000000,40022843392.000000,40024469504.000000,40026103808.000000,40027729920.000000,40029360128.000000,40030990336.000000,40032620544.000000,40034250752.000000,40035885056.000000,40037511168.000000,40039145472.000000,40040771584.000000,40042405888.000000,40044032000.000000,40045658112.000000,40047288320.000000,40048918528.000000,40050552832.000000,40052187136.000000,40053813248.000000,40055443456.000000,40057073664.000000,40058703872.000000,40060334080.000000,40061964288.000000,40063594496.000000,40065224704.000000,40066859008.000000,40068485120.000000,40070119424.000000,40071745536.000000,40073375744.000000,40075005952.000000,40076640256.000000,40078266368.000000,40079896576.000000,40081530880.000000,40083161088.000000,40084791296.000000,40086421504.000000,40088051712.000000,40089673728.000000,40091308032.000000,40092938240.000000,40094568448.000000,40096194560.000000,40097832960.000000,40099459072.000000,40101089280.000000,40102715392.000000,40104349696.000000,40105975808.000000,40107610112.000000,40109240320.000000,40110870528.000000,40112496640.000000,40114130944.000000,40115757056.000000,40117391360.000000,40119021568.000000,40120651776.000000,40122277888.000000,40123912192.000000,40125542400.000000,40127172608.000000,40128798720.000000,40130433024.000000,40132059136.000000,40133693440.000000,40135319552.000000,40136953856.000000,40138579968.000000,40140214272.000000,40141836288.000000,40143474688.000000,40145096704.000000,40146735104.000000,40148357120.000000,40149995520.000000,40151617536.000000,40153255936.000000,40154882048.000000,40156516352.000000,40158138368.000000,40159776768.000000,40161402880.000000,40163037184.000000,40164659200.000000,40166297600.000000,40167919616.000000,40169558016.000000,40171180032.000000,40172818432.000000,40174444544.000000,40176082944.000000,40177704960.000000,40179339264.000000,40180965376.000000,40182603776.000000,40184221696.000000,40185856000.000000,40187478016.000000
40382066688.000000,40383713280.000000,40385351680.000000,40386994176.000000,40388644864.000000,40390303744.000000,40391946240.000000,40393584640.000000,40395231232.000000,40396881920.000000,40398528512.000000,40400175104.000000,40401817600.000000,40403464192.000000,40405118976.000000,40406761472.000000,40408403968.000000,40410046464.000000,40411701248.000000,40413347840.000000,40414994432.000000,40416636928.000000,40418287616.000000,40419930112.000000,40421580800.000000,40423219200.000000,40424869888.000000,40426520576.000000,40428167168.000000,40429809664.000000,40431460352.000000,40433102848.000000,40434745344.000000,40436396032.000000,40438042624.000000,40439689216.000000,40441335808.000000,40442986496.000000,40444628992.000000,40446275584.000000,40447918080.000000,40449568768.000000,40451219456.000000,40452861952.000000,40454512640.000000,40456155136.000000,40457805824.000000,40459452416.000000,40461094912.000000,40462741504.000000,40464388096.000000,40466034688.000000,40467681280.000000,40469323776.000000,40470974464.000000,40472621056.000000,40474267648.000000,40475914240.000000,40477560832.000000,40479211520.000000,40480858112.000000,40482504704.000000,40484151296.000000,40485789696.000000,40487444480.000000,40489086976.000000,40490737664.000000,40492384256.000000,40494026752.000000,40495673344.000000,40497319936.000000,40498966528.000000,40500617216.000000,40502259712.000000,40503902208.000000,40505556992.000000,40507195392.000000,40508846080.000000,40510496768.000000,40512135168.000000,40513785856.000000,40515432448.000000,40517074944.000000,40518725632.000000,40520372224.000000,40522014720.000000,40523665408.000000,40525307904.000000,40526958592.000000,40528601088.000000,40530247680.000000,40531902464.000000,40533540864.000000,40535187456.000000,40536834048.000000,40538480640.000000,40540131328.000000,40541777920.000000,40543420416.000000,40545071104.000000,40546709504.000000,40548360192.000000,40550010880.000000,40551649280.000000,40553304064.000000,40554942464.000000,40556593152.000000,40558243840.000000,40559882240.000000,40561532928.000000,40563179520.000000,40564830208.000000,40566476800.000000,40568111104.000000,40569765888.000000,40571412480.000000,40573059072.000000,40574709760.000000,40576348160.000000,40577998848.000000,40579653632.000000,40581287936.000000,40582934528.000000,40584585216.000000,40586231808.000000,40587886592.000000,40589520896.000000,40591167488.000000
40783671296.000000,40785321984.000000,40786993152.000000,40788652032.000000,40790319104.000000,40791982080.000000,40793640960.000000,40795312128.000000,40796966912.000000,40798638080.000000,40800292864.000000,40801959936.000000,40803622912.000000,40805285888.000000,40806944768.000000,40808611840.000000,40810270720.000000,40811937792.000000,40813600768.000000,40815263744.000000,40816926720.000000,40818585600.000000,40820252672.000000,40821911552.000000,40823578624.000000,40825237504.000000,40826904576.000000,40828563456.000000,40830230528.000000,40831889408.000000,40833552384.000000,40835215360.000000,40836874240.000000,40838545408.000000,40840204288.000000,40841867264.000000,40843534336.000000,40845193216.000000,40846856192.000000,40848519168.000000,40850178048.000000,40851849216.000000,40853508096.000000,40855171072.000000,40856838144.000000,40858501120.000000,40860160000.000000,40861822976.000000,40863485952.000000,40865153024.000000,40866811904.000000,40868474880.000000,40870137856.000000,40871800832.000000,40873463808.000000,40875122688.000000,40876789760.000000,40878452736.000000,40880119808.000000,40881778688.000000,40883441664.000000,40885104640.000000,40886771712.000000,40888430592.000000,40890097664.000000,40891764736.000000,40893419520.000000,40895078400.000000,40896749568.000000,40898412544.000000,40900071424.000000,40901734400.000000,40903401472.000000,40905064448.000000,40906727424.000000,40908386304.000000,40910049280.000000,40911716352.000000,40913375232.000000,40915034112.000000,40916701184.000000,40918368256.000000,40920023040.000000,40921686016.000000,40923353088.000000,40925016064.000000,40926674944.000000,40928337920.000000,40930004992.000000,40931663872.000000,40933326848.000000,40934989824.000000,40936656896.000000,40938315776.000000,40939974656.000000,40941641728.000000,40943308800.000000,40944971776.000000,40946626560.000000,40948293632.000000,40949956608.000000,40951623680.000000,40953278464.000000,40954945536.000000,40956612608.000000,40958267392.000000,40959930368.000000,40961597440.000000,40963264512.000000,40964923392.000000,40966582272.000000,40968253440.000000,40969916416.000000,40971575296.000000,40973238272.000000,40974901248.000000,40976568320.000000,40978219008.000000,40979890176.000000,40981553152.000000,40983224320.000000,40984870912.000000,40986542080.000000,40988200960.000000,40989876224.000000,40991522816.000000,40993181696.000000,40994865152.000000
41185271808.000000,41186955264.000000,41188626432.000000,41190313984.000000,41191985152.000000,41193664512.000000,41195352064.000000,41197023232.000000,41198702592.000000,41200386048.000000,41202065408.000000,41203740672.000000,41205424128.000000,41207103488.000000,41208778752.000000,41210458112.000000,41212137472.000000,41213820928.000000,41215500288.000000,41217179648.000000,41218859008.000000,41220534272.000000,41222217728.000000,41223892992.000000,41225576448.000000,41227255808.000000,41228935168.000000,41230614528.000000,41232289792.000000,41233969152.000000,41235648512.000000,41237331968.000000,41239003136.000000,41240690688.000000,41242365952.000000,41244045312.000000,41245724672.000000,41247404032.000000,41249083392.000000,41250762752.000000,41252446208.000000,41254125568.000000,41255809024.000000,41257476096.000000,41259163648.000000,41260834816.000000,41262518272.000000,41264201728.000000,41265876992.000000,41267560448.000000,41269235712.000000,41270915072.000000,41272594432.000000,41274273792.000000,41275957248.000000,41277636608.000000,41279311872.000000,41280991232.000000,41282670592.000000,41284349952.000000,41286029312.000000,41287712768.000000,41289392128.000000,41291063296.000000,41292750848.000000,41294422016.000000,41296109568.000000,41297788928.000000,41299468288.000000,41301143552.000000,41302818816.000000,41304502272.000000,41306185728.000000,41307856896.000000,41309544448.000000,41311223808.000000,41312899072.000000,41314578432.000000,41316257792.000000,41317937152.000000,41319616512.000000,41321295872.000000,41322979328.000000,41324658688.000000,41326333952.000000,41328013312.000000,41329688576.000000,41331367936.000000,41333051392.000000,41334734848.000000,41336410112.000000,41338085376.000000,41339764736.000000,41341444096.000000,41343123456.000000,41344806912.000000,41346486272.000000,41348169728.000000,41349844992.000000,41351520256.000000,41353199616.000000,41354874880.000000,41356562432.000000,41358241792.000000,41359921152.000000,41361604608.000000,41363279872.000000,41364951040.000000,41366630400.000000,41368309760.000000,41369993216.000000,41371676672.000000,41373356032.000000,41375039488.000000,41376710656.000000,41378381824.000000,41380065280.000000,41381748736.000000,41383428096.000000,41385111552.000000,41386795008.000000,41388474368.000000,41390133248.000000,41391820800.000000,41393504256.000000,41395179520.000000,41396867072.000000,41398554624.000000
41586876416.000000,41588572160.000000,41590272000.000000,41591967744.000000,41593655296.000000,41595351040.000000,41597042688.000000,41598738432.000000,41600438272.000000,41602134016.000000,41603829760.000000,41605525504.000000,41607221248.000000,41608916992.000000,41610612736.000000,41612308480.000000,41614004224.000000,41615704064.000000,41617399808.000000,41619095552.000000,41620791296.000000,41622487040.000000,41624182784.000000,41625874432.000000,41627574272.000000,41629265920.000000,41630961664.000000,41632657408.000000,41634353152.000000,41636048896.000000,41637744640.000000,41639440384.000000,41641136128.000000,41642835968.000000,41644531712.000000,41646223360.000000,41647923200.000000,41649618944.000000,41651314688.000000,41653010432.000000,41654706176.000000,41656401920.000000,41658097664.000000,41659793408.000000,41661489152.000000,41663180800.000000,41664876544.000000,41666572288.000000,41668268032.000000,41669963776.000000,41671659520.000000,41673355264.000000,41675051008.000000,41676746752.000000,41678442496.000000,41680138240.000000,41681833984.000000,41683529728.000000,41685225472.000000,41686925312.000000,41688616960.000000,41690312704.000000,41692012544.000000,41693704192.000000,41695404032.000000,41697099776.000000,41698791424.000000,41700483072.000000,41702182912.000000,41703882752.000000,41705574400.000000,41707270144.000000,41708969984.000000,41710661632.000000,41712357376.000000,41714053120.000000,41715748864.000000,41717444608.000000,41719140352.000000,41720836096.000000,41722527744.000000,41724223488.000000,41725919232.000000,41727619072.000000,41729314816.000000,41731010560.000000,41732702208.000000,41734402048.000000,41736097792.000000,41737793536.000000,41739489280.000000,41741185024.000000,41742880768.000000,41744572416.000000,41746272256.000000,41747968000.000000,41749663744.000000,41751359488.000000,41753055232.000000,41754746880.000000,41756446720.000000,41758142464.000000,41759838208.000000,41761529856.000000,41763229696.000000,41764925440.000000,41766621184.000000,41768316928.000000,41770012672.000000,41771704320.000000,41773404160.000000,41775099904.000000,41776795648.000000,41778491392.000000,41780187136.000000,41781882880.000000,41783578624.000000,41785278464.000000,41786970112.000000,41788665856.000000,41790365696.000000,41792061440.000000,41793761280.000000,41795452928.000000,41797152768.000000,41798844416.000000,41800531968.000000,41802227712.000000
41988481024.000000,41990197248.000000,41991901184.000000,41993605120.000000,41995325440.000000,41997049856.000000,41998761984.000000,42000465920.000000,42002173952.000000,42003886080.000000,42005602304.000000,42007314432.000000,42009022464.000000,42010738688.000000,42012454912.000000,42014167040.000000,42015870976.000000,42017579008.000000,42019295232.000000,42021011456.000000,42022723584.000000,42024435712.000000,42026147840.000000,42027859968.000000,42029572096.000000,42031280128.000000,42032996352.000000,42034704384.000000,42036416512.000000,42038128640.000000,42039844864.000000,42041552896.000000,42043265024.000000,42044977152.000000,42046685184.000000,42048401408.000000,42050113536.000000,42051825664.000000,42053537792.000000,42055254016.000000,42056966144.000000,42058674176.000000,42060382208.000000,42062098432.000000,42063814656.000000,42065518592.000000,42067234816.000000,42068951040.000000,42070659072.000000,42072375296.000000,42074083328.000000,42075791360.000000,42077507584.000000,42079219712.000000,42080931840.000000,42082648064.000000,42084356096.000000,42086072320.000000,42087780352.000000,42089488384.000000,42091208704.000000,42092924928.000000,42094632960.000000,42096336896.000000,42098057216.000000,42099761152.000000,42101481472.000000,42103193600.000000,42104901632.000000,42106613760.000000,42108325888.000000,42110042112.000000,42111754240.000000,42113462272.000000,42115170304.000000,42116886528.000000,42118598656.000000,42120314880.000000,42122018816.000000,42123739136.000000,42125443072.000000,42127155200.000000,42128871424.000000,42130575360.000000,42132295680.000000,42134007808.000000,42135719936.000000,42137432064.000000,42139144192.000000,42140852224.000000,42142564352.000000,42144280576.000000,42145988608.000000,42147704832.000000,42149416960.000000,42151129088.000000,42152841216.000000,42154553344.000000,42156257280.000000,42157969408.000000,42159681536.000000,42161397760.000000,42163113984.000000,42164826112.000000,42166538240.000000,42168246272.000000,42169958400.000000,42171666432.000000,42173378560.000000,42175090688.000000,42176811008.000000,42178527232.000000,42180235264.000000,42181943296.000000,42183655424.000000,42185367552.000000,42187075584.000000,42188783616.000000,42190499840.000000,42192224256.000000,42193936384.000000,42195640320.000000,42197348352.000000,42199060480.000000,42200776704.000000,42202488832.000000,42204196864.000000,42205913088.000000
42390085632.000000,42391805952.000000,42393546752.000000,42395271168.000000,42396995584.000000,42398728192.000000,42400452608.000000,42402189312.000000,42403909632.000000,42405642240.000000,42407366656.000000,42409099264.000000,42410823680.000000,42412552192.000000,42414280704.000000,42416013312.000000,42417737728.000000,42419466240.000000,42421194752.000000,42422923264.000000,42424655872.000000,42426380288.000000,42428112896.000000,42429837312.000000,42431569920.000000,42433298432.000000,42435026944.000000,42436751360.000000,42438479872.000000,42440208384.000000,42441940992.000000,42443669504.000000,42445393920.000000,42447122432.000000,42448850944.000000,42450583552.000000,42452312064.000000,42454036480.000000,42455764992.000000,42457497600.000000,42459226112.000000,42460950528.000000,42462679040.000000,42464411648.000000,42466131968.000000,42467864576.000000,42469593088.000000,42471317504.000000,42473050112.000000,42474778624.000000,42476507136.000000,42478235648.000000,42479964160.000000,42481692672.000000,42483417088.000000,42485153792.000000,42486878208.000000,42488606720.000000,42490335232.000000,42492067840.000000,42493792256.000000,42495520768.000000,42497253376.000000,42498981888.000000,42500710400.000000,42502438912.000000,42504163328.000000,42505887744.000000,42507624448.000000,42509352960.000000,42511073280.000000,42512809984.000000,42514538496.000000,42516262912.000000,42517991424.000000,42519724032.000000,42521448448.000000,42523172864.000000,42524905472.000000,42526638080.000000,42528358400.000000,42530091008.000000,42531815424.000000,42533552128.000000,42535276544.000000,42537005056.000000,42538729472.000000,42540466176.000000,42542190592.000000,42543915008.000000,42545643520.000000,42547376128.000000,42549104640.000000,42550829056.000000,42552557568.000000,42554290176.000000,42556018688.000000,42557739008.000000,42559475712.000000,42561204224.000000,42562932736.000000,42564657152.000000,42566381568.000000,42568118272.000000,42569846784.000000,42571571200.000000,42573291520.000000,42575028224.000000,42576760832.000000,42578489344.000000,42580209664.000000,42581946368.000000,42583674880.000000,42585399296.000000,42587123712.000000,42588856320.000000,42590588928.000000,42592313344.000000,42594037760.000000,42595766272.000000,42597507072.000000,42599227392.000000,42600955904.000000,42602672128.000000,42604425216.000000,42606141440.000000,42607857664.000000,42609598464.000000
42791690240.000000,42793443328.000000,42795175936.000000,42796929024.000000,42798665728.000000,42800410624.000000,42802167808.000000,42803904512.000000,42805645312.000000,42807398400.000000,42809139200.000000,42810875904.000000,42812624896.000000,42814373888.000000,42816114688.000000,42817859584.000000,42819604480.000000,42821353472.000000,42823098368.000000,42824839168.000000,42826588160.000000,42828328960.000000,42830077952.000000,42831822848.000000,42833567744.000000,42835308544.000000,42837057536.000000,42838798336.000000,42840543232.000000,42842292224.000000,42844033024.000000,42845782016.000000,42847522816.000000,42849271808.000000,42851012608.000000,42852757504.000000,42854502400.000000,42856247296.000000,42857992192.000000,42859732992.000000,42861486080.000000,42863230976.000000,42864975872.000000,42866720768.000000,42868465664.000000,42870210560.000000,42871951360.000000,42873696256.000000,42875441152.000000,42877190144.000000,42878935040.000000,42880679936.000000,42882420736.000000,42884165632.000000,42885914624.000000,42887655424.000000,42889400320.000000,42891145216.000000,42892890112.000000,42894635008.000000,42896384000.000000,42898128896.000000,42899873792.000000,42901610496.000000,42903363584.000000,42905104384.000000,42906853376.000000,42908598272.000000,42910343168.000000,42912088064.000000,42913824768.000000,42915573760.000000,42917322752.000000,42919063552.000000,42920812544.000000,42922557440.000000,42924298240.000000,42926043136.000000,42927788032.000000,42929532928.000000,42931273728.000000,42933026816.000000,42934771712.000000,42936512512.000000,42938257408.000000,42940006400.000000,42941743104.000000,42943488000.000000,42945236992.000000,42946977792.000000,42948726784.000000,42950467584.000000,42952212480.000000,42953961472.000000,42955702272.000000,42957447168.000000,42959196160.000000,42960936960.000000,42962685952.000000,42964426752.000000,42966171648.000000,42967920640.000000,42969665536.000000,42971406336.000000,42973155328.000000,42974896128.000000,42976641024.000000,42978385920.000000,42980126720.000000,42981879808.000000,42983620608.000000,42985361408.000000,42987114496.000000,42988855296.000000,42990600192.000000,42992345088.000000,42994085888.000000,42995843072.000000,42997579776.000000,42999316480.000000,43001077760.000000,43002814464.000000,43004547072.000000,43006308352.000000,43008049152.000000,43009794048.000000,43011543040.000000,43013283840.000000
43193294848.000000,43195056128.000000,43196821504.000000,43198582784.000000,43200335872.000000,43202088960.000000,43203854336.000000,43205615616.000000,43207380992.000000,43209138176.000000,43210907648.000000,43212668928.000000,43214426112.000000,43216187392.000000,43217952768.000000,43219709952.000000,43221471232.000000,43223236608.000000,43224997888.000000,43226755072.000000,43228524544.000000,43230277632.000000,43232043008.000000,43233800192.000000,43235565568.000000,43237322752.000000,43239084032.000000,43240845312.000000,43242606592.000000,43244363776.000000,43246129152.000000,43247890432.000000,43249651712.000000,43251412992.000000,43253178368.000000,43254935552.000000,43256700928.000000,43258458112.000000,43260223488.000000,43261980672.000000,43263746048.000000,43265507328.000000,43267260416.000000,43269029888.000000,43270782976.000000,43272548352.000000,43274305536.000000,43276070912.000000,43277832192.000000,43279593472.000000,43281354752.000000,43283116032.000000,43284877312.000000,43286638592.000000,43288399872.000000,43290161152.000000,43291926528.000000,43293683712.000000,43295444992.000000,43297210368.000000,43298971648.000000,43300724736.000000,43302494208.000000,43304251392.000000,43306020864.000000,43307778048.000000,43309531136.000000,43311296512.000000,43313057792.000000,43314814976.000000,43316580352.000000,43318341632.000000,43320107008.000000,43321868288.000000,43323625472.000000,43325382656.000000,43327148032.000000,43328905216.000000,43330670592.000000,43332431872.000000,43334189056.000000,43335954432.000000,43337711616.000000,43339476992.000000,43341238272.000000,43342995456.000000,43344756736.000000,43346522112.000000,43348283392.000000,43350044672.000000,43351805952.000000,43353563136.000000,43355324416.000000,43357085696.000000,43358846976.000000,43360608256.000000,43362369536.000000,43364130816.000000,43365896192.000000,43367653376.000000,43369418752.000000,43371175936.000000,43372941312.000000,43374698496.000000,43376463872.000000,43378216960.000000,43379986432.000000,43381743616.000000,43383508992.000000,43385262080.000000,43387031552.000000,43388784640.000000,43390554112.000000,43392303104.000000,43394076672.000000,43395825664.000000,43397599232.000000,43399352320.000000,43401121792.000000,43402874880.000000,43404648448.000000,43406401536.000000,43408175104.000000,43409924096.000000,43411697664.000000,43413442560.000000,43415212032.000000,43416961024.000000
43594899456.000000,43596685312.000000,43598450688.000000,43600224256.000000,43602006016.000000,43603791872.000000,43605573632.000000,43607343104.000000,43609116672.000000,43610894336.000000,43612676096.000000,43614457856.000000,43616227328.000000,43618004992.000000,43619786752.000000,43621564416.000000,43623337984.000000,43625111552.000000,43626893312.000000,43628670976.000000,43630452736.000000,43632226304.000000,43634008064.000000,43635781632.000000,43637563392.000000,43639341056.000000,43641114624.000000,43642896384.000000,43644669952.000000,43646447616.000000,43648229376.000000,43650007040.000000,43651780608.000000,43653558272.000000,43655331840.000000,43657117696.000000,43658891264.000000,43660668928.000000,43662446592.000000,43664228352.000000,43666006016.000000,43667775488.000000,43669553152.000000,43671334912.000000,43673116672.000000,43674894336.000000,43676672000.000000,43678445568.000000,43680223232.000000,43682000896.000000,43683778560.000000,43685560320.000000,43687333888.000000,43689107456.000000,43690893312.000000,43692662784.000000,43694448640.000000,43696222208.000000,43697999872.000000,43699777536.000000,43701559296.000000,43703336960.000000,43705114624.000000,43706884096.000000,43708674048.000000,43710439424.000000,43712225280.000000,43714002944.000000,43715776512.000000,43717554176.000000,43719331840.000000,43721109504.000000,43722891264.000000,43724664832.000000,43726442496.000000,43728220160.000000,43729993728.000000,43731779584.000000,43733549056.000000,43735334912.000000,43737104384.000000,43738886144.000000,43740663808.000000,43742437376.000000,43744219136.000000,43745996800.000000,43747774464.000000,43749548032.000000,43751325696.000000,43753107456.000000,43754881024.000000,43756662784.000000,43758436352.000000,43760214016.000000,43761995776.000000,43763769344.000000,43765547008.000000,43767328768.000000,43769098240.000000,43770884096.000000,43772653568.000000,43774435328.000000,43776217088.000000,43777986560.000000,43779772416.000000,43781545984.000000,43783323648.000000,43785105408.000000,43786874880.000000,43788656640.000000,43790438400.000000,43792211968.000000,43793993728.000000,43795759104.000000,43797544960.000000,43799330816.000000,43801096192.000000,43802882048.000000,43804655616.000000,43806433280.000000,43808219136.000000,43809980416.000000,43811762176.000000,43813552128.000000,43815321600.000000,43817107456.000000,43818868736.000000,43820650496.000000
43996504064.000000,43998294016.000000,44000092160.000000,44001886208.000000,44003676160.000000,44005478400.000000,44007260160.000000,44009066496.000000,44010852352.000000,44012650496.000000,44014440448.000000,44016238592.000000,44018028544.000000,44019822592.000000,44021616640.000000,44023410688.000000,44025204736.000000,44027002880.000000,44028792832.000000,44030590976.000000,44032385024.000000,44034174976.000000,44035969024.000000,44037767168.000000,44039561216.000000,44041351168.000000,44043149312.000000,44044943360.000000,44046733312.000000,44048527360.000000,44050321408.000000,44052115456.000000,44053909504.000000,44055707648.000000,44057497600.000000,44059291648.000000,44061089792.000000,44062883840.000000,44064673792.000000,44066463744.000000,44068265984.000000,44070060032.000000,44071849984.000000,44073639936.000000,44075433984.000000,44077236224.000000,44079026176.000000,44080820224.000000,44082614272.000000,44084416512.000000,44086202368.000000,44087996416.000000,44089790464.000000,44091584512.000000,44093374464.000000,44095168512.000000,44096970752.000000,44098760704.000000,44100554752.000000,44102348800.000000,44104146944.000000,44105936896.000000,44107735040.000000,44109524992.000000,44111327232.000000,44113117184.000000,44114903040.000000,44116697088.000000,44118499328.000000,44120293376.000000,44122083328.000000,44123877376.000000,44125675520.000000,44127469568.000000,44129263616.000000,44131053568.000000,44132847616.000000,44134637568.000000,44136435712.000000,44138229760.000000,44140019712.000000,44141813760.000000,44143611904.000000,44145401856.000000,44147200000.000000,44148989952.000000,44150788096.000000,44152578048.000000,44154376192.000000,44156166144.000000,44157960192.000000,44159758336.000000,44161548288.000000,44163346432.000000,44165136384.000000,44166926336.000000,44168724480.000000,44170522624.000000,44172316672.000000,44174106624.000000,44175904768.000000,44177698816.000000,44179488768.000000,44181278720.000000,44183080960.000000,44184870912.000000,44186656768.000000,44188454912.000000,44190257152.000000,44192051200.000000,44193837056.000000,44195639296.000000,44197433344.000000,44199231488.000000,44201013248.000000,44202811392.000000,44204609536.000000,44206395392.000000,44208189440.000000,44209987584.000000,44211789824.000000,44213567488.000000,44215369728.000000,44217159680.000000,44218970112.000000,44220739584.000000,44222533632.000000,44224348160.000000
44398108672.000000,44399923200.000000,44401729536.000000,44403539968.000000,44405346304.000000,44407156736.000000,44408979456.000000,44410781696.000000,44412588032.000000,44414406656.000000,44416212992.000000,44418019328.000000,44419829760.000000,44421640192.000000,44423450624.000000,44425261056.000000,44427071488.000000,44428886016.000000,44430688256.000000,44432506880.000000,44434317312.000000,44436119552.000000,44437938176.000000,44439748608.000000,44441559040.000000,44443369472.000000,44445179904.000000,44446986240.000000,44448796672.000000,44450607104.000000,44452417536.000000,44454232064.000000,44456038400.000000,44457852928.000000,44459659264.000000,44461469696.000000,44463280128.000000,44465090560.000000,44466896896.000000,44468711424.000000,44470525952.000000,44472332288.000000,44474146816.000000,44475949056.000000,44477767680.000000,44479574016.000000,44481384448.000000,44483198976.000000,44485005312.000000,44486819840.000000,44488626176.000000,44490436608.000000,44492247040.000000,44494061568.000000,44495867904.000000,44497674240.000000,44499492864.000000,44501303296.000000,44503109632.000000,44504920064.000000,44506734592.000000,44508545024.000000,44510355456.000000,44512157696.000000,44513980416.000000,44515782656.000000,44517597184.000000,44519407616.000000,44521218048.000000,44523024384.000000,44524830720.000000,44526645248.000000,44528459776.000000,44530270208.000000,44532080640.000000,44533886976.000000,44535693312.000000,44537507840.000000,44539318272.000000,44541128704.000000,44542935040.000000,44544749568.000000,44546564096.000000,44548370432.000000,44550180864.000000,44551991296.000000,44553797632.000000,44555608064.000000,44557418496.000000,44559228928.000000,44561043456.000000,44562849792.000000,44564660224.000000,44566474752.000000,44568281088.000000,44570091520.000000,44571901952.000000,44573720576.000000,44575526912.000000,44577333248.000000,44579143680.000000,44580950016.000000,44582764544.000000,44584574976.000000,44586389504.000000,44588204032.000000,44590010368.000000,44591816704.000000,44593623040.000000,44595433472.000000,44597248000.000000,44599062528.000000,44600872960.000000,44602687488.000000,44604489728.000000,44606291968.000000,44608106496.000000,44609921024.000000,44611731456.000000,44613545984.000000,44615360512.000000,44617170944.000000,44618960896.000000,44620779520.000000,44622594048.000000,44624400384.000000,44626219008.000000,44628037632.000000
44799713280.000000,44801540096.000000,44803371008.000000,44805197824.000000,44807012352.000000,44808843264.000000,44810665984.000000,44812492800.000000,44814323712.000000,44816150528.000000,44817981440.000000,44819808256.000000,44821630976.000000,44823457792.000000,44825288704.000000,44827115520.000000,44828942336.000000,44830769152.000000,44832591872.000000,44834422784.000000,44836253696.000000,44838072320.000000,44839903232.000000,44841730048.000000,44843556864.000000,44845379584.000000,44847206400.000000,44849033216.000000,44850860032.000000,44852686848.000000,44854513664.000000,44856340480.000000,44858167296.000000,44859998208.000000,44861825024.000000,44863647744.000000,44865474560.000000,44867301376.000000,44869128192.000000,44870959104.000000,44872785920.000000,44874612736.000000,44876439552.000000,44878266368.000000,44880084992.000000,44881911808.000000,44883738624.000000,44885569536.000000,44887396352.000000,44889223168.000000,44891049984.000000,44892876800.000000,44894703616.000000,44896530432.000000,44898357248.000000,44900188160.000000,44902014976.000000,44903841792.000000,44905664512.000000,44907495424.000000,44909322240.000000,44911144960.000000,44912975872.000000,44914802688.000000,44916633600.000000,44918460416.000000,44920279040.000000,44922105856.000000,44923932672.000000,44925759488.000000,44927586304.000000,44929417216.000000,44931244032.000000,44933066752.000000,44934893568.000000,44936720384.000000,44938547200.000000,44940374016.000000,44942200832.000000,44944027648.000000,44945850368.000000,44947677184.000000,44949504000.000000,44951330816.000000,44953161728.000000,44954988544.000000,44956811264.000000,44958642176.000000,44960468992.000000,44962295808.000000,44964118528.000000,44965945344.000000,44967772160.000000,44969603072.000000,44971425792.000000,44973256704.000000,44975079424.000000,44976910336.000000,44978737152.000000,44980559872.000000,44982390784.000000,44984217600.000000,44986044416.000000,44987871232.000000,44989698048.000000,44991524864.000000,44993351680.000000,44995178496.000000,44997005312.000000,44998828032.000000,45000658944.000000,45002485760.000000,45004308480.000000,45006139392.000000,45007966208.000000,45009793024.000000,45011619840.000000,45013450752.000000,45015273472.000000,45017100288.000000,45018931200.000000,45020758016.000000,45022588928.000000,45024415744.000000,45026242560.000000,45028069376.000000,45029888000.000000,45031710720.000000
45201317888.000000,45203169280.000000,45205004288.000000,45206839296.000000,45208682496.000000,45210542080.000000,45212385280.000000,45214220288.000000,45216059392.000000,45217898496.000000,45219749888.000000,45221597184.000000,45223432192.000000,45225275392.000000,45227122688.000000,45228969984.000000,45230809088.000000,45232648192.000000,45234491392.000000,45236334592.000000,45238177792.000000,45240025088.000000,45241868288.000000,45243711488.000000,45245554688.000000,45247393792.000000,45249241088.000000,45251080192.000000,45252923392.000000,45254762496.000000,45256609792.000000,45258457088.000000,45260296192.000000,45262139392.000000,45263982592.000000,45265825792.000000,45267668992.000000,45269512192.000000,45271355392.000000,45273198592.000000,45275045888.000000,45276884992.000000,45278728192.000000,45280571392.000000,45282414592.000000,45284253696.000000,45286100992.000000,45287948288.000000,45289787392.000000,45291634688.000000,45293473792.000000,45295316992.000000,45297160192.000000,45299007488.000000,45300846592.000000,45302693888.000000,45304532992.000000,45306380288.000000,45308219392.000000,45310062592.000000,45311909888.000000,45313757184.000000,45315596288.000000,45317435392.000000,45319282688.000000,45321117696.000000,45322969088.000000,45324812288.000000,45326651392.000000,45328494592.000000,45330337792.000000,45332180992.000000,45334028288.000000,45335867392.000000,45337710592.000000,45339553792.000000,45341392896.000000,45343240192.000000,45345079296.000000,45346930688.000000,45348765696.000000,45350608896.000000,45352456192.000000,45354299392.000000,45356142592.000000,45357981696.000000,45359824896.000000,45361672192.000000,45363511296.000000,45365354496.000000,45367197696.000000,45369040896.000000,45370892288.000000,45372727296.000000,45374570496.000000,45376417792.000000,45378256896.000000,45380100096.000000,45381943296.000000,45383786496.000000,45385625600.000000,45387472896.000000,45389320192.000000,45391163392.000000,45393006592.000000,45394845696.000000,45396684800.000000,45398528000.000000,45400371200.000000,45402218496.000000,45404065792.000000,45405913088.000000,45407752192.000000,45409591296.000000,45411434496.000000,45413277696.000000,45415112704.000000,45416960000.000000,45418811392.000000,45420658688.000000,45422501888.000000,45424336896.000000,45426176000.000000,45428019200.000000,45429866496.000000,45431705600.000000,45433540608.000000,45435387904.000000
45602922496.000000,45604777984.000000,45606641664.000000,45608501248.000000,45610352640.000000,45612224512.000000,45614071808.000000,45615947776.000000,45617795072.000000,45619654656.000000,45621518336.000000,45623377920.000000,45625233408.000000,45627097088.000000,45628956672.000000,45630812160.000000,45632675840.000000,45634531328.000000,45636390912.000000,45638254592.000000,45640114176.000000,45641973760.000000,45643829248.000000,45645692928.000000,45647552512.000000,45649412096.000000,45651271680.000000,45653131264.000000,45654986752.000000,45656842240.000000,45658710016.000000,45660565504.000000,45662425088.000000,45664284672.000000,45666144256.000000,45668003840.000000,45669863424.000000,45671727104.000000,45673578496.000000,45675442176.000000,45677305856.000000,45679161344.000000,45681020928.000000,45682884608.000000,45684736000.000000,45686599680.000000,45688459264.000000,45690318848.000000,45692178432.000000,45694038016.000000,45695905792.000000,45697757184.000000,45699616768.000000,45701476352.000000,45703335936.000000,45705199616.000000,45707055104.000000,45708914688.000000,45710770176.000000,45712637952.000000,45714493440.000000,45716348928.000000,45718216704.000000,45720076288.000000,45721935872.000000,45723795456.000000,45725650944.000000,45727514624.000000,45729374208.000000,45731225600.000000,45733093376.000000,45734952960.000000,45736812544.000000,45738668032.000000,45740527616.000000,45742391296.000000,45744246784.000000,45746106368.000000,45747961856.000000,45749821440.000000,45751681024.000000,45753544704.000000,45755400192.000000,45757259776.000000,45759123456.000000,45760978944.000000,45762842624.000000,45764698112.000000,45766561792.000000,45768417280.000000,45770276864.000000,45772136448.000000,45773996032.000000,45775855616.000000,45777715200.000000,45779574784.000000,45781434368.000000,45783293952.000000,45785153536.000000,45787017216.000000,45788872704.000000,45790728192.000000,45792591872.000000,45794451456.000000,45796315136.000000,45798166528.000000,45800030208.000000,45801893888.000000,45803753472.000000,45805604864.000000,45807460352.000000,45809332224.000000,45811191808.000000,45813047296.000000,45814898688.000000,45816766464.000000,45818630144.000000,45820485632.000000,45822337024.000000,45824204800.000000,45826072576.000000,45827923968.000000,45829783552.000000,45831626752.000000,45833519104.000000,45835362304.000000,45837209600.000000,45839077376.000000
46004527104.000000,46006407168.000000,46008279040.000000,46010163200.000000,46012022784.000000,46013906944.000000,46015791104.000000,46017658880.000000,46019530752.000000,46021414912.000000,46023286784.000000,46025158656.000000,46027034624.000000,46028914688.000000,46030786560.000000,46032666624.000000,46034542592.000000,46036414464.000000,46038294528.000000,46040166400.000000,46042046464.000000,46043922432.000000,46045798400.000000,46047674368.000000,46049550336.000000,46051422208.000000,46053302272.000000,46055174144.000000,46057050112.000000,46058930176.000000,46060802048.000000,46062673920.000000,46064553984.000000,46066434048.000000,46068305920.000000,46070181888.000000,46072057856.000000,46073933824.000000,46075813888.000000,46077685760.000000,46079565824.000000,46081441792.000000,46083321856.000000,46085193728.000000,46087065600.000000,46088945664.000000,46090817536.000000,46092693504.000000,46094569472.000000,46096445440.000000,46098325504.000000,46100197376.000000,46102073344.000000,46103949312.000000,46105829376.000000,46107701248.000000,46109577216.000000,46111453184.000000,46113333248.000000,46115205120.000000,46117085184.000000,46118961152.000000,46120833024.000000,46122704896.000000,46124589056.000000,46126456832.000000,46128340992.000000,46130216960.000000,46132092928.000000,46133968896.000000,46135836672.000000,46137716736.000000,46139596800.000000,46141468672.000000,46143348736.000000,46145220608.000000,46147092480.000000,46148972544.000000,46150848512.000000,46152724480.000000,46154596352.000000,46156480512.000000,46158356480.000000,46160228352.000000,46162104320.000000,46163980288.000000,46165856256.000000,46167732224.000000,46169604096.000000,46171484160.000000,46173356032.000000,46175232000.000000,46177116160.000000,46178988032.000000,46180855808.000000,46182739968.000000,46184611840.000000,46186487808.000000,46188367872.000000,46190239744.000000,46192115712.000000,46193999872.000000,46195867648.000000,46197743616.000000,46199623680.000000,46201495552.000000,46203371520.000000,46205247488.000000,46207119360.000000,46209003520.000000,46210875392.000000,46212751360.000000,46214631424.000000,46216499200.000000,46218379264.000000,46220259328.000000,46222123008.000000,46224015360.000000,46225883136.000000,46227750912.000000,46229643264.000000,46231511040.000000,46233378816.000000,46235267072.000000,46237138944.000000,46239014912.000000,46240894976.000000,46242766848.000000
46406131712.000000,46408024064.000000,46409916416.000000,46411812864.000000,46413692928.000000,46415585280.000000,46417477632.000000,46419369984.000000,46421266432.000000,46423158784.000000,46425055232.000000,46426943488.000000,46428835840.000000,46430732288.000000,46432624640.000000,46434512896.000000,46436409344.000000,46438301696.000000,46440189952.000000,46442086400.000000,46443978752.000000,46445862912.000000,46447763456.000000,46449651712.000000,46451548160.000000,46453436416.000000,46455328768.000000,46457221120.000000,46459113472.000000,46461005824.000000,46462902272.000000,46464790528.000000,46466682880.000000,46468575232.000000,46470471680.000000,46472359936.000000,46474252288.000000,46476144640.000000,46478041088.000000,46479925248.000000,46481825792.000000,46483709952.000000,46485602304.000000,46487498752.000000,46489387008.000000,46491287552.000000,46493171712.000000,46495072256.000000,46496960512.000000,46498856960.000000,46500745216.000000,46502637568.000000,46504529920.000000,46506422272.000000,46508314624.000000,46510211072.000000,46512099328.000000,46513991680.000000,46515884032.000000,46517776384.000000,46519668736.000000,46521561088.000000,46523457536.000000,46525349888.000000,46527242240.000000,46529138688.000000,46531018752.000000,46532911104.000000,46534807552.000000,46536699904.000000,46538592256.000000,46540488704.000000,46542381056.000000,46544269312.000000,46546161664.000000,46548049920.000000,46549946368.000000,46551834624.000000,46553731072.000000,46555623424.000000,46557511680.000000,46559404032.000000,46561296384.000000,46563188736.000000,46565085184.000000,46566977536.000000,46568869888.000000,46570762240.000000,46572654592.000000,46574551040.000000,46576435200.000000,46578327552.000000,46580219904.000000,46582112256.000000,46584004608.000000,46585896960.000000,46587789312.000000,46589681664.000000,46591574016.000000,46593466368.000000,46595358720.000000,46597246976.000000,46599147520.000000,46601035776.000000,46602932224.000000,46604820480.000000,46606716928.000000,46608605184.000000,46610501632.000000,46612385792.000000,46614286336.000000,46616174592.000000,46618071040.000000,46619951104.000000,46621855744.000000,46623735808.000000,46625640448.000000,46627524608.000000,46629425152.000000,46631305216.000000,46633213952.000000,46635094016.000000,46637002752.000000,46638882816.000000,46640791552.000000,46642667520.000000,46644563968.000000,46646444032.000000
46807736320.000000,46809649152.000000,46811553792.000000,46813454336.000000,46815363072.000000,46817280000.000000,46819196928.000000,46821101568.000000,46823002112.000000,46824910848.000000,46826823680.000000,46828732416.000000,46830637056.000000,46832545792.000000,46834458624.000000,46836367360.000000,46838276096.000000,46840184832.000000,46842089472.000000,46843998208.000000,46845906944.000000,46847819776.000000,46849728512.000000,46851633152.000000,46853545984.000000,46855446528.000000,46857359360.000000,46859272192.000000,46861176832.000000,46863085568.000000,46864998400.000000,46866903040.000000,46868811776.000000,46870720512.000000,46872629248.000000,46874537984.000000,46876446720.000000,46878355456.000000,46880268288.000000,46882172928.000000,46884085760.000000,46885986304.000000,46887899136.000000,46889807872.000000,46891716608.000000,46893625344.000000,46895538176.000000,46897446912.000000,46899351552.000000,46901260288.000000,46903169024.000000,46905081856.000000,46906986496.000000,46908891136.000000,46910803968.000000,46912708608.000000,46914621440.000000,46916534272.000000,46918438912.000000,46920351744.000000,46922260480.000000,46924165120.000000,46926077952.000000,46927982592.000000,46929895424.000000,46931795968.000000,46933712896.000000,46935621632.000000,46937526272.000000,46939435008.000000,46941343744.000000,46943248384.000000,46945165312.000000,46947069952.000000,46948978688.000000,46950887424.000000,46952792064.000000,46954704896.000000,46956617728.000000,46958518272.000000,46960427008.000000,46962339840.000000,46964248576.000000,46966157312.000000,46968066048.000000,46969970688.000000,46971879424.000000,46973792256.000000,46975696896.000000,46977605632.000000,46979514368.000000,46981427200.000000,46983340032.000000,46985236480.000000,46987149312.000000,46989058048.000000,46990966784.000000,46992879616.000000,46994784256.000000,46996697088.000000,46998597632.000000,47000506368.000000,47002423296.000000,47004323840.000000,47006240768.000000,47008145408.000000,47010050048.000000,47011971072.000000,47013867520.000000,47015780352.000000,47017693184.000000,47019589632.000000,47021510656.000000,47023407104.000000,47025324032.000000,47027240960.000000,47029133312.000000,47031054336.000000,47032958976.000000,47034867712.000000,47036784640.000000,47038672896.000000,47040589824.000000,47042510848.000000,47044411392.000000,47046328320.000000,47048216576.000000,47050133504.000000
47209340928.000000,47211261952.000000,47213191168.000000,47215120384.000000,47217033216.000000,47218970624.000000,47220883456.000000,47222820864.000000,47224737792.000000,47226667008.000000,47228592128.000000,47230513152.000000,47232438272.000000,47234367488.000000,47236292608.000000,47238213632.000000,47240142848.000000,47242067968.000000,47243988992.000000,47245918208.000000,47247843328.000000,47249768448.000000,47251689472.000000,47253618688.000000,47255543808.000000,47257468928.000000,47259394048.000000,47261315072.000000,47263240192.000000,47265169408.000000,47267090432.000000,47269011456.000000,47270940672.000000,47272865792.000000,47274790912.000000,47276716032.000000,47278641152.000000,47280570368.000000,47282491392.000000,47284412416.000000,47286345728.000000,47288270848.000000,47290191872.000000,47292116992.000000,47294038016.000000,47295971328.000000,47297892352.000000,47299817472.000000,47301742592.000000,47303671808.000000,47305592832.000000,47307517952.000000,47309443072.000000,47311368192.000000,47313293312.000000,47315218432.000000,47317143552.000000,47319072768.000000,47320989696.000000,47322918912.000000,47324844032.000000,47326773248.000000,47328698368.000000,47330619392.000000,47332548608.000000,47334481920.000000,47336390656.000000,47338315776.000000,47340249088.000000,47342170112.000000,47344095232.000000,47346020352.000000,47347949568.000000,47349874688.000000,47351799808.000000,47353720832.000000,47355645952.000000,47357566976.000000,47359492096.000000,47361421312.000000,47363342336.000000,47365267456.000000,47367192576.000000,47369121792.000000,47371046912.000000,47372967936.000000,47374897152.000000,47376818176.000000,47378747392.000000,47380672512.000000,47382593536.000000,47384522752.000000,47386443776.000000,47388368896.000000,47390294016.000000,47392219136.000000,47394144256.000000,47396073472.000000,47397998592.000000,47399915520.000000,47401844736.000000,47403773952.000000,47405694976.000000,47407616000.000000,47409549312.000000,47411466240.000000,47413395456.000000,47415316480.000000,47417249792.000000,47419170816.000000,47421091840.000000,47423021056.000000,47424950272.000000,47426871296.000000,47428788224.000000,47430721536.000000,47432650752.000000,47434571776.000000,47436488704.000000,47438422016.000000,47440355328.000000,47442272256.000000,47444197376.000000,47446118400.000000,47448064000.000000,47449960448.000000,47451885568.000000,47453831168.000000
47610945536.000000,47612891136.000000,47614828544.000000,47616770048.000000,47618699264.000000,47620648960.000000,47622602752.000000,47624531968.000000,47626473472.000000,47628423168.000000,47630360576.000000,47632297984.000000,47634239488.000000,47636185088.000000,47638122496.000000,47640068096.000000,47642009600.000000,47643951104.000000,47645892608.000000,47647834112.000000,47649775616.000000,47651713024.000000,47653662720.000000,47655596032.000000,47657541632.000000,47659483136.000000,47661424640.000000,47663362048.000000,47665307648.000000,47667245056.000000,47669186560.000000,47671123968.000000,47673069568.000000,47675015168.000000,47676956672.000000,47678898176.000000,47680835584.000000,47682777088.000000,47684722688.000000,47686660096.000000,47688605696.000000,47690547200.000000,47692492800.000000,47694417920.000000,47696367616.000000,47698305024.000000,47700250624.000000,47702192128.000000,47704133632.000000,47706075136.000000,47708016640.000000,47709958144.000000,47711899648.000000,47713841152.000000,47715782656.000000,47717720064.000000,47719665664.000000,47721607168.000000,47723548672.000000,47725490176.000000,47727435776.000000,47729373184.000000,47731314688.000000,47733256192.000000,47735201792.000000,47737139200.000000,47739084800.000000,47741026304.000000,47742967808.000000,47744905216.000000,47746842624.000000,47748788224.000000,47750733824.000000,47752675328.000000,47754616832.000000,47756554240.000000,47758491648.000000,47760437248.000000,47762378752.000000,47764320256.000000,47766257664.000000,47768203264.000000,47770148864.000000,47772086272.000000,47774023680.000000,47775969280.000000,47777910784.000000,47779848192.000000,47781789696.000000,47783739392.000000,47785672704.000000,47787614208.000000,47789563904.000000,47791497216.000000,47793434624.000000,47795384320.000000,47797321728.000000,47799263232.000000,47801208832.000000,47803150336.000000,47805087744.000000,47807029248.000000,47808974848.000000,47810908160.000000,47812853760.000000,47814803456.000000,47816740864.000000,47818678272.000000,47820619776.000000,47822553088.000000,47824498688.000000,47826448384.000000,47828389888.000000,47830335488.000000,47832268800.000000,47834206208.000000,47836143616.000000,47838089216.000000,47840034816.000000,47841980416.000000,47843926016.000000,47845867520.000000,47847788544.000000,47849734144.000000,47851683840.000000,47853617152.000000,47855570944.000000,47857520640.000000
48012550144.000000,48014508032.000000,48016465920.000000,48018427904.000000,48020373504.000000,48022331392.000000,48024289280.000000,48026251264.000000,48028209152.000000,48030171136.000000,48032133120.000000,48034086912.000000,48036044800.000000,48038006784.000000,48039960576.000000,48041918464.000000,48043876352.000000,48045834240.000000,48047783936.000000,48049745920.000000,48051707904.000000,48053661696.000000,48055623680.000000,48057581568.000000,48059539456.000000,48061493248.000000,48063451136.000000,48065409024.000000,48067366912.000000,48069328896.000000,48071286784.000000,48073240576.000000,48075198464.000000,48077160448.000000,48079118336.000000,48081072128.000000,48083030016.000000,48084987904.000000,48086949888.000000,48088907776.000000,48090865664.000000,48092823552.000000,48094781440.000000,48096739328.000000,48098689024.000000,48100651008.000000,48102608896.000000,48104566784.000000,48106524672.000000,48108482560.000000,48110440448.000000,48112398336.000000,48114356224.000000,48116314112.000000,48118272000.000000,48120229888.000000,48122187776.000000,48124145664.000000,48126103552.000000,48128065536.000000,48130019328.000000,48131977216.000000,48133939200.000000,48135897088.000000,48137854976.000000,48139821056.000000,48141766656.000000,48143720448.000000,48145682432.000000,48147644416.000000,48149598208.000000,48151560192.000000,48153518080.000000,48155471872.000000,48157429760.000000,48159387648.000000,48161345536.000000,48163303424.000000,48165265408.000000,48167223296.000000,48169172992.000000,48171130880.000000,48173092864.000000,48175046656.000000,48177008640.000000,48178966528.000000,48180924416.000000,48182882304.000000,48184840192.000000,48186798080.000000,48188751872.000000,48190709760.000000,48192671744.000000,48194625536.000000,48196583424.000000,48198541312.000000,48200499200.000000,48202457088.000000,48204414976.000000,48206368768.000000,48208330752.000000,48210288640.000000,48212246528.000000,48214208512.000000,48216162304.000000,48218120192.000000,48220082176.000000,48222040064.000000,48223997952.000000,48225951744.000000,48227913728.000000,48229871616.000000,48231829504.000000,48233787392.000000,48235745280.000000,48237703168.000000,48239661056.000000,48241623040.000000,48243576832.000000,48245534720.000000,48247496704.000000,48249454592.000000,48251416576.000000,48253374464.000000,48255336448.000000,48257294336.000000,48259244032.000000,48261197824.000000
48414154752.000000,48416137216.000000,48418103296.000000,48420069376.000000,48422039552.000000,48424026112.000000,48426012672.000000,48427978752.000000,48429944832.000000,48431919104.000000,48433897472.000000,48435871744.000000,48437841920.000000,48439816192.000000,48441794560.000000,48443768832.000000,48445743104.000000,48447713280.000000,48449687552.000000,48451661824.000000,48453636096.000000,48455614464.000000,48457588736.000000,48459563008.000000,48461537280.000000,48463507456.000000,48465477632.000000,48467456000.000000,48469434368.000000,48471404544.000000,48473378816.000000,48475353088.000000,48477327360.000000,48479301632.000000,48481275904.000000,48483250176.000000,48485224448.000000,48487198720.000000,48489177088.000000,48491147264.000000,48493125632.000000,48495095808.000000,48497065984.000000,48499044352.000000,48501022720.000000,48502992896.000000,48504967168.000000,48506945536.000000,48508915712.000000,48510889984.000000,48512868352.000000,48514842624.000000,48516812800.000000,48518787072.000000,48520761344.000000,48522739712.000000,48524709888.000000,48526688256.000000,48528658432.000000,48530628608.000000,48532611072.000000,48534589440.000000,48536559616.000000,48538529792.000000,48540508160.000000,48542474240.000000,48544456704.000000,48546430976.000000,48548401152.000000,48550375424.000000,48552353792.000000,48554323968.000000,48556302336.000000,48558272512.000000,48560246784.000000,48562221056.000000,48564191232.000000,48566169600.000000,48568147968.000000,48570122240.000000,48572088320.000000,48574066688.000000,48576040960.000000,48578011136.000000,48579985408.000000,48581959680.000000,48583933952.000000,48585912320.000000,48587882496.000000,48589860864.000000,48591835136.000000,48593809408.000000,48595779584.000000,48597753856.000000,48599728128.000000,48601702400.000000,48603676672.000000,48605655040.000000,48607625216.000000,48609599488.000000,48611569664.000000,48613548032.000000,48615526400.000000,48617500672.000000,48619470848.000000,48621441024.000000,48623415296.000000,48625389568.000000,48627367936.000000,48629346304.000000,48631320576.000000,48633298944.000000,48635269120.000000,48637239296.000000,48639209472.000000,48641183744.000000,48643153920.000000,48645128192.000000,48647114752.000000,48649093120.000000,48651063296.000000,48653033472.000000,48655003648.000000,48656982016.000000,48658956288.000000,48660926464.000000,48662892544.000000,48664887296.000000
48815759360.000000,48817745920.000000,48819740672.000000,48821735424.000000,48823713792.000000,48825720832.000000,48827695104.000000,48829693952.000000,48831680512.000000,48833675264.000000,48835665920.000000,48837652480.000000,48839647232.000000,48841633792.000000,48843628544.000000,48845615104.000000,48847609856.000000,48849596416.000000,48851587072.000000,48853581824.000000,48855568384.000000,48857563136.000000,48859549696.000000,48861544448.000000,48863535104.000000,48865525760.000000,48867516416.000000,48869507072.000000,48871493632.000000,48873484288.000000,48875479040.000000,48877469696.000000,48879456256.000000,48881446912.000000,48883437568.000000,48885432320.000000,48887418880.000000,48889405440.000000,48891400192.000000,48893390848.000000,48895385600.000000,48897368064.000000,48899362816.000000,48901357568.000000,48903340032.000000,48905334784.000000,48907325440.000000,48909312000.000000,48911306752.000000,48913297408.000000,48915288064.000000,48917278720.000000,48919269376.000000,48921255936.000000,48923246592.000000,48925241344.000000,48927232000.000000,48929222656.000000,48931217408.000000,48933208064.000000,48935198720.000000,48937185280.000000,48939180032.000000,48941170688.000000,48943161344.000000,48945152000.000000,48947138560.000000,48949133312.000000,48951123968.000000,48953106432.000000,48955105280.000000,48957095936.000000,48959086592.000000,48961073152.000000,48963063808.000000,48965058560.000000,48967045120.000000,48969031680.000000,48971022336.000000,48973012992.000000,48975003648.000000,48976998400.000000,48978984960.000000,48980983808.000000,48982970368.000000,48984961024.000000,48986947584.000000,48988942336.000000,48990932992.000000,48992923648.000000,48994910208.000000,48996900864.000000,48998895616.000000,49000882176.000000,49002872832.000000,49004867584.000000,49006854144.000000,49008844800.000000,49010839552.000000,49012830208.000000,49014816768.000000,49016807424.000000,49018798080.000000,49020792832.000000,49022779392.000000,49024765952.000000,49026760704.000000,49028751360.000000,49030746112.000000,49032728576.000000,49034723328.000000,49036718080.000000,49038708736.000000,49040695296.000000,49042677760.000000,49044684800.000000,49046671360.000000,49048657920.000000,49050640384.000000,49052643328.000000,49054633984.000000,49056620544.000000,49058607104.000000,49060585472.000000,49062608896.000000,49064583168.000000,49066561536.000000,49068556288.000000
49217363968.000000,49219375104.000000,49221378048.000000,49223389184.000000,49225379840.000000,49227399168.000000,49229410304.000000,49231405056.000000,49233416192.000000,49235427328.000000,49237434368.000000,49239441408.000000,49241444352.000000,49243451392.000000,49245458432.000000,49247469568.000000,49249476608.000000,49251479552.000000,49253490688.000000,49255497728.000000,49257496576.000000,49259511808.000000,49261522944.000000,49263525888.000000,49265532928.000000,49267539968.000000,49269547008.000000,49271549952.000000,49273561088.000000,49275568128.000000,49277566976.000000,49279582208.000000,49281585152.000000,49283592192.000000,49285603328.000000,49287602176.000000,49289613312.000000,49291624448.000000,49293631488.000000,49295638528.000000,49297645568.000000,49299652608.000000,49301663744.000000,49303666688.000000,49305673728.000000,49307680768.000000,49309683712.000000,49311690752.000000,49313697792.000000,49315708928.000000,49317715968.000000,49319718912.000000,49321725952.000000,49323732992.000000,49325744128.000000,49327747072.000000,49329754112.000000,49331761152.000000,49333768192.000000,49335775232.000000,49337786368.000000,49339793408.000000,49341796352.000000,49343807488.000000,49345814528.000000,49347813376.000000,49349828608.000000,49351835648.000000,49353842688.000000,49355849728.000000,49357856768.000000,49359855616.000000,49361870848.000000,49363873792.000000,49365884928.000000,49367891968.000000,49369890816.000000,49371901952.000000,49373913088.000000,49375916032.000000,49377918976.000000,49379926016.000000,49381941248.000000,49383948288.000000,49385947136.000000,49387962368.000000,49389965312.000000,49391968256.000000,49393975296.000000,49395986432.000000,49397989376.000000,49399996416.000000,49402003456.000000,49404014592.000000,49406013440.000000,49408028672.000000,49410031616.000000,49412038656.000000,49414049792.000000,49416052736.000000,49418059776.000000,49420070912.000000,49422073856.000000,49424080896.000000,49426087936.000000,49428090880.000000,49430110208.000000,49432104960.000000,49434116096.000000,49436131328.000000,49438126080.000000,49440137216.000000,49442148352.000000,49444143104.000000,49446158336.000000,49448169472.000000,49450164224.000000,49452187648.000000,49454186496.000000,49456185344.000000,49458204672.000000,49460207616.000000,49462206464.000000,49464225792.000000,49466228736.000000,49468235776.000000,49470246912.000000,49472249856.000000
49618968576.000000,49620987904.000000,49623019520.000000,49625038848.000000,49627054080.000000,49629077504.000000,49631100928.000000,49633124352.000000,49635151872.000000,49637175296.000000,49639206912.000000,49641222144.000000,49643249664.000000,49645273088.000000,49647296512.000000,49649319936.000000,49651343360.000000,49653366784.000000,49655382016.000000,49657409536.000000,49659432960.000000,49661452288.000000,49663483904.000000,49665503232.000000,49667530752.000000,49669550080.000000,49671573504.000000,49673601024.000000,49675620352.000000,49677647872.000000,49679671296.000000,49681690624.000000,49683714048.000000,49685737472.000000,49687764992.000000,49689784320.000000,49691811840.000000,49693827072.000000,49695858688.000000,49697873920.000000,49699905536.000000,49701920768.000000,49703944192.000000,49705975808.000000,49707991040.000000,49710022656.000000,49712041984.000000,49714069504.000000,49716088832.000000,49718112256.000000,49720135680.000000,49722159104.000000,49724182528.000000,49726205952.000000,49728229376.000000,49730252800.000000,49732276224.000000,49734299648.000000,49736323072.000000,49738350592.000000,49740374016.000000,49742393344.000000,49744416768.000000,49746444288.000000,49748467712.000000,49750499328.000000,49752506368.000000,49754533888.000000,49756557312.000000,49758576640.000000,49760604160.000000,49762627584.000000,49764655104.000000,49766678528.000000,49768697856.000000,49770725376.000000,49772744704.000000,49774764032.000000,49776795648.000000,49778814976.000000,49780834304.000000,49782857728.000000,49784881152.000000,49786904576.000000,49788932096.000000,49790955520.000000,49792978944.000000,49795002368.000000,49797025792.000000,49799049216.000000,49801068544.000000,49803091968.000000,49805119488.000000,49807138816.000000,49809162240.000000,49811189760.000000,49813209088.000000,49815232512.000000,49817255936.000000,49819279360.000000,49821302784.000000,49823326208.000000,49825349632.000000,49827373056.000000,49829396480.000000,49831419904.000000,49833447424.000000,49835466752.000000,49837494272.000000,49839513600.000000,49841541120.000000,49843556352.000000,49845587968.000000,49847599104.000000,49849634816.000000,49851641856.000000,49853681664.000000,49855692800.000000,49857732608.000000,49859739648.000000,49861775360.000000,49863790592.000000,49865830400.000000,49867837440.000000,49869881344.000000,49871884288.000000,49873920000.000000,49875927040.000000
50020573184.000000,50022621184.000000,50024652800.000000,50026684416.000000,50028720128.000000,50030776320.000000,50032820224.000000,50034855936.000000,50036887552.000000,50038927360.000000,50040971264.000000,50043011072.000000,50045046784.000000,50047086592.000000,50049130496.000000,50051166208.000000,50053210112.000000,50055249920.000000,50057285632.000000,50059325440.000000,50061365248.000000,50063409152.000000,50065448960.000000,50067484672.000000,50069528576.000000,50071568384.000000,50073604096.000000,50075648000.000000,50077683712.000000,50079727616.000000,50081767424.000000,50083803136.000000,50085838848.000000,50087882752.000000,50089926656.000000,50091966464.000000,50094002176.000000,50096037888.000000,50098081792.000000,50100125696.000000,50102165504.000000,50104201216.000000,50106236928.000000,50108280832.000000,50110324736.000000,50112364544.000000,50114404352.000000,50116440064.000000,50118479872.000000,50120519680.000000,50122559488.000000,50124607488.000000,50126639104.000000,50128674816.000000,50130718720.000000,50132754432.000000,50134806528.000000,50136838144.000000,50138877952.000000,50140917760.000000,50142961664.000000,50144997376.000000,50147041280.000000,50149076992.000000,50151120896.000000,50153152512.000000,50155200512.000000,50157244416.000000,50159276032.000000,50161315840.000000,50163359744.000000,50165391360.000000,50167439360.000000,50169475072.000000,50171514880.000000,50173554688.000000,50175590400.000000,50177630208.000000,50179678208.000000,50181709824.000000,50183749632.000000,50185793536.000000,50187833344.000000,50189877248.000000,50191908864.000000,50193952768.000000,50195988480.000000,50198028288.000000,50200068096.000000,50202112000.000000,50204151808.000000,50206191616.000000,50208227328.000000,50210267136.000000,50212302848.000000,50214350848.000000,50216386560.000000,50218430464.000000,50220466176.000000,50222505984.000000,50224549888.000000,50226585600.000000,50228629504.000000,50230665216.000000,50232705024.000000,50234744832.000000,50236780544.000000,50238832640.000000,50240864256.000000,50242899968.000000,50244947968.000000,50246979584.000000,50249027584.000000,50251063296.000000,50253099008.000000,50255151104.000000,50257174528.000000,50259226624.000000,50261270528.000000,50263298048.000000,50265346048.000000,50267365376.000000,50269417472.000000,50271477760.000000,50273501184.000000,50275549184.000000,50277568512.000000,50279616512.000000
50422173696.000000,50424229888.000000,50426290176.000000,50428350464.000000,50430390272.000000,50432466944.000000,50434506752.000000,50436571136.000000,50438623232.000000,50440683520.000000,50442739712.000000,50444791808.000000,50446852096.000000,50448908288.000000,50450960384.000000,50453016576.000000,50455076864.000000,50457133056.000000,50459185152.000000,50461245440.000000,50463297536.000000,50465353728.000000,50467409920.000000,50469470208.000000,50471526400.000000,50473578496.000000,50475638784.000000,50477686784.000000,50479747072.000000,50481807360.000000,50483859456.000000,50485915648.000000,50487967744.000000,50490032128.000000,50492084224.000000,50494140416.000000,50496196608.000000,50498252800.000000,50500308992.000000,50502361088.000000,50504425472.000000,50506481664.000000,50508533760.000000,50510585856.000000,50512642048.000000,50514710528.000000,50516758528.000000,50518814720.000000,50520870912.000000,50522927104.000000,50524983296.000000,50527039488.000000,50529099776.000000,50531151872.000000,50533203968.000000,50535260160.000000,50537328640.000000,50539380736.000000,50541436928.000000,50543493120.000000,50545549312.000000,50547601408.000000,50549657600.000000,50551717888.000000,50553774080.000000,50555838464.000000,50557878272.000000,50559934464.000000,50561998848.000000,50564050944.000000,50566107136.000000,50568163328.000000,50570223616.000000,50572279808.000000,50574336000.000000,50576388096.000000,50578444288.000000,50580504576.000000,50582552576.000000,50584612864.000000,50586664960.000000,50588721152.000000,50590781440.000000,50592833536.000000,50594893824.000000,50596950016.000000,50599002112.000000,50601058304.000000,50603118592.000000,50605174784.000000,50607226880.000000,50609287168.000000,50611343360.000000,50613395456.000000,50615451648.000000,50617507840.000000,50619564032.000000,50621620224.000000,50623680512.000000,50625732608.000000,50627788800.000000,50629849088.000000,50631901184.000000,50633957376.000000,50636013568.000000,50638069760.000000,50640125952.000000,50642173952.000000,50644242432.000000,50646298624.000000,50648346624.000000,50650402816.000000,50652467200.000000,50654519296.000000,50656571392.000000,50658627584.000000,50660691968.000000,50662748160.000000,50664792064.000000,50666856448.000000,50668916736.000000,50670968832.000000,50673020928.000000,50675077120.000000,50677153792.000000,50679177216.000000,50681237504.000000,50683314176.000000
50823778304.000000,50825854976.000000,50827927552.000000,50830000128.000000,50832060416.000000,50834145280.000000,50836226048.000000,50838282240.000000,50840358912.000000,50842439680.000000,50844508160.000000,50846580736.000000,50848653312.000000,50850721792.000000,50852794368.000000,50854866944.000000,50856943616.000000,50859016192.000000,50861088768.000000,50863153152.000000,50865225728.000000,50867306496.000000,50869379072.000000,50871447552.000000,50873524224.000000,50875596800.000000,50877665280.000000,50879737856.000000,50881810432.000000,50883883008.000000,50885955584.000000,50888032256.000000,50890096640.000000,50892173312.000000,50894249984.000000,50896318464.000000,50898391040.000000,50900467712.000000,50902540288.000000,50904608768.000000,50906685440.000000,50908753920.000000,50910834688.000000,50912894976.000000,50914975744.000000,50917044224.000000,50919116800.000000,50921193472.000000,50923261952.000000,50925338624.000000,50927407104.000000,50929479680.000000,50931552256.000000,50933628928.000000,50935697408.000000,50937774080.000000,50939850752.000000,50941919232.000000,50943987712.000000,50946060288.000000,50948136960.000000,50950209536.000000,50952282112.000000,50954350592.000000,50956427264.000000,50958495744.000000,50960572416.000000,50962644992.000000,50964717568.000000,50966786048.000000,50968862720.000000,50970931200.000000,50973007872.000000,50975080448.000000,50977153024.000000,50979221504.000000,50981289984.000000,50983366656.000000,50985443328.000000,50987511808.000000,50989580288.000000,50991661056.000000,50993733632.000000,50995802112.000000,50997870592.000000,50999947264.000000,51002019840.000000,51004096512.000000,51006160896.000000,51008241664.000000,51010310144.000000,51012378624.000000,51014451200.000000,51016527872.000000,51018592256.000000,51020673024.000000,51022741504.000000,51024814080.000000,51026886656.000000,51028963328.000000,51031031808.000000,51033104384.000000,51035176960.000000,51037245440.000000,51039322112.000000,51041398784.000000,51043471360.000000,51045539840.000000,51047612416.000000,51049680896.000000,51051753472.000000,51053830144.000000,51055906816.000000,51057983488.000000,51060047872.000000,51062120448.000000,51064184832.000000,51066257408.000000,51068338176.000000,51070414848.000000,51072487424.000000,51074572288.000000,51076624384.000000,51078688768.000000,51080773632.000000,51082838016.000000,51084922880.000000,51087003648.000000
51225382912.000000,51227471872.000000,51229564928.000000,51231653888.000000,51233730560.000000,51235823616.000000,51237912576.000000,51240005632.000000,51242094592.000000,51244187648.000000,51246280704.000000,51248365568.000000,51250454528.000000,51252543488.000000,51254632448.000000,51256721408.000000,51258810368.000000,51260899328.000000,51262980096.000000,51265073152.000000,51267162112.000000,51269251072.000000,51271344128.000000,51273433088.000000,51275522048.000000,51277606912.000000,51279699968.000000,51281788928.000000,51283873792.000000,51285966848.000000,51288055808.000000,51290144768.000000,51292225536.000000,51294318592.000000,51296407552.000000,51298496512.000000,51300585472.000000,51302678528.000000,51304767488.000000,51306856448.000000,51308945408.000000,51311034368.000000,51313123328.000000,51315212288.000000,51317293056.000000,51319382016.000000,51321475072.000000,51323564032.000000,51325652992.000000,51327741952.000000,51329830912.000000,51331919872.000000,51334012928.000000,51336101888.000000,51338186752.000000,51340275712.000000,51342372864.000000,51344453632.000000,51346542592.000000,51348635648.000000,51350724608.000000,51352809472.000000,51354898432.000000,51356991488.000000,51359080448.000000,51361173504.000000,51363254272.000000,51365343232.000000,51367432192.000000,51369521152.000000,51371610112.000000,51373703168.000000,51375792128.000000,51377876992.000000,51379965952.000000,51382059008.000000,51384143872.000000,51386232832.000000,51388321792.000000,51390410752.000000,51392495616.000000,51394588672.000000,51396677632.000000,51398766592.000000,51400855552.000000,51402944512.000000,51405033472.000000,51407126528.000000,51409211392.000000,51411300352.000000,51413385216.000000,51415474176.000000,51417567232.000000,51419652096.000000,51421741056.000000,51423834112.000000,51425918976.000000,51428012032.000000,51430100992.000000,51432181760.000000,51434274816.000000,51436363776.000000,51438452736.000000,51440541696.000000,51442630656.000000,51444719616.000000,51446808576.000000,51448897536.000000,51450990592.000000,51453075456.000000,51455168512.000000,51457257472.000000,51459346432.000000,51461435392.000000,51463524352.000000,51465613312.000000,51467702272.000000,51469795328.000000,51471884288.000000,51473973248.000000,51476058112.000000,51478151168.000000,51480244224.000000,51482333184.000000,51484426240.000000,51486519296.000000,51488595968.000000,51490684928.000000
